n,file,t,gap_s,dither,dither_log,interruption,position,twin,rotator,flipped,focuspos,ccd_temp,temp_off,temp_flag,sky_mode_R,sky_mode_G1,sky_mode_G2,sky_mode_B,sky_mode_green,sky_dev,rejected,F_sky_R,F_sky_G1,F_sky_G2,F_sky_B,F_sky_green
1,Light_NGC 7000_120.0s_Bin1_20261005-201925_3deg_0001.fit,2026-10-05 18:17:25.026040,,False,True,False,0,,3,True,6792,-10.0,0.0,False,,,,,,,False,,,,,
2,Light_NGC 7000_120.0s_Bin1_20261005-202126_3deg_0002.fit,2026-10-05 18:19:25.739252,0.713212,False,False,False,0,,3,True,6792,-10.0,0.0,False,,,,,,,False,,,,,
3,Light_NGC 7000_120.0s_Bin1_20261005-202327_3deg_0003.fit,2026-10-05 18:21:26.403549,0.664297,False,False,False,0,,3,True,6792,-10.0,0.0,False,,,,,,,False,,,,,
4,Light_NGC 7000_120.0s_Bin1_20261005-202527_3deg_0004.fit,2026-10-05 18:23:27.071178,0.667629,False,False,False,0,,3,True,6792,-10.0,0.0,False,,,,,,,False,,,,,
5,Light_NGC 7000_120.0s_Bin1_20261005-202759_3deg_0005.fit,2026-10-05 18:25:59.170134,32.098956,True,True,False,1,,3,True,6792,-10.0,0.0,False,,,,,,,False,,,,,
6,Light_NGC 7000_120.0s_Bin1_20261005-203000_3deg_0006.fit,2026-10-05 18:27:59.854171,0.684037,False,False,False,1,,3,True,6792,-10.0,0.0,False,,,,,,,False,,,,,
7,Light_NGC 7000_120.0s_Bin1_20261005-203201_3deg_0007.fit,2026-10-05 18:30:00.458434,0.604263,False,False,False,1,,3,True,6792,-10.0,0.0,False,,,,,,,False,,,,,
8,Light_NGC 7000_120.0s_Bin1_20261005-203401_3deg_0008.fit,2026-10-05 18:32:01.101621,0.643187,False,False,False,1,,3,True,6792,-10.0,0.0,False,,,,,,,False,,,,,
9,Light_NGC 7000_120.0s_Bin1_20261005-203615_3deg_0009.fit,2026-10-05 18:34:15.140719,14.039098,True,True,False,2,,3,True,6792,-10.0,0.0,False,,,,,,,False,,,,,
10,Light_NGC 7000_120.0s_Bin1_20261005-203816_3deg_0010.fit,2026-10-05 18:36:15.787438,0.646719,False,False,False,2,,3,True,6792,-10.0,0.0,False,,,,,,,False,,,,,
11,Light_NGC 7000_120.0s_Bin1_20261005-204017_3deg_0011.fit,2026-10-05 18:38:16.452183,0.664745,False,False,False,2,,3,True,6792,-10.0,0.0,False,,,,,,,False,,,,,
12,Light_NGC 7000_120.0s_Bin1_20261005-204218_3deg_0012.fit,2026-10-05 18:40:17.313332,0.861149,False,False,False,2,,3,True,6792,-10.0,0.0,False,,,,,,,False,,,,,
13,Light_NGC 7000_120.0s_Bin1_20261005-204458_3deg_0013.fit,2026-10-05 18:42:58.021927,40.708595,True,True,False,3,,3,True,6792,-10.0,0.0,False,,,,,,,False,,,,,
14,Light_NGC 7000_120.0s_Bin1_20261005-204659_3deg_0014.fit,2026-10-05 18:44:58.712209,0.690282,False,False,False,3,,3,True,6792,-10.0,0.0,False,,,,,,,False,,,,,
15,Light_NGC 7000_120.0s_Bin1_20261005-204900_3deg_0015.fit,2026-10-05 18:46:59.392415,0.680206,False,False,False,3,,3,True,6792,-10.0,0.0,False,,,,,,,False,,,,,
16,Light_NGC 7000_120.0s_Bin1_20261005-205100_3deg_0016.fit,2026-10-05 18:49:00.088970,0.696555,False,False,False,3,,3,True,6792,-10.0,0.0,False,,,,,,,False,,,,,
17,Light_NGC 7000_120.0s_Bin1_20261005-205330_3deg_0017.fit,2026-10-05 18:51:30.024630,29.93566,True,True,False,4,,3,True,6792,-10.0,0.0,False,,,,,,,False,,,,,
18,Light_NGC 7000_120.0s_Bin1_20261005-205531_3deg_0018.fit,2026-10-05 18:53:30.668427,0.643797,False,False,False,4,,3,True,6792,-10.0,0.0,False,,,,,,,False,,,,,
19,Light_NGC 7000_120.0s_Bin1_20261005-205732_3deg_0019.fit,2026-10-05 18:55:31.368479,0.700052,False,False,False,4,,3,True,6792,-10.0,0.0,False,,,,,,,False,,,,,
20,Light_NGC 7000_120.0s_Bin1_20261005-205932_3deg_0020.fit,2026-10-05 18:57:32.091336,0.722857,False,False,False,4,,3,True,6792,-10.0,0.0,False,,,,,,,False,,,,,
21,Light_NGC 7000_120.0s_Bin1_20261005-210214_3deg_0021.fit,2026-10-05 19:00:14.041565,41.950229,True,True,False,5,,3,True,6792,-10.0,0.0,False,,,,,,,False,,,,,
22,Light_NGC 7000_120.0s_Bin1_20261005-210415_3deg_0022.fit,2026-10-05 19:02:14.768020,0.726455,False,False,False,5,,3,True,6792,-10.0,0.0,False,,,,,,,False,,,,,
23,Light_NGC 7000_120.0s_Bin1_20261005-210616_3deg_0023.fit,2026-10-05 19:04:15.455871,0.687851,False,False,False,5,,3,True,6792,-10.0,0.0,False,,,,,,,False,,,,,
24,Light_NGC 7000_120.0s_Bin1_20261005-210816_3deg_0024.fit,2026-10-05 19:06:16.091644,0.635773,False,False,False,5,,3,True,6792,-10.0,0.0,False,,,,,,,False,,,,,
25,Light_NGC 7000_120.0s_Bin1_20261005-211038_3deg_0025.fit,2026-10-05 19:08:38.046560,21.954916,True,True,False,6,,3,True,6792,-10.0,0.0,False,,,,,,,False,,,,,
26,Light_NGC 7000_120.0s_Bin1_20261005-211239_3deg_0026.fit,2026-10-05 19:10:38.706721,0.660161,False,False,False,6,,3,True,6792,-10.0,0.0,False,,,,,,,False,,,,,
27,Light_NGC 7000_120.0s_Bin1_20261005-211440_3deg_0027.fit,2026-10-05 19:12:39.385109,0.678388,False,False,False,6,,3,True,6792,-10.0,0.0,False,,,,,,,False,,,,,
28,Light_NGC 7000_120.0s_Bin1_20261005-211640_3deg_0028.fit,2026-10-05 19:14:40.116235,0.731126,False,False,False,6,,3,True,6792,-10.0,0.0,False,,,,,,,False,,,,,
29,Light_NGC 7000_120.0s_Bin1_20261005-212128_182deg_0029.fit,2026-10-05 19:19:27.924339,167.808104,True,True,True,7,A,182,False,6792,-10.0,0.0,False,111.952716,114.947964,115.05205,95.057678,115.000007,2.175715,False,2.124732,2.259425,2.26308,1.365071,2.261252
30,Light_NGC 7000_120.0s_Bin1_20261005-212329_181deg_0030.fit,2026-10-05 19:21:28.662205,0.737866,False,False,False,7,A,181,False,6792,-10.0,0.0,False,110.87931,113.97644,114.387435,94.538781,114.181937,1.658047,False,2.076526,2.215795,2.233233,1.341768,2.224514
31,Light_NGC 7000_120.0s_Bin1_20261005-212529_181deg_0031.fit,2026-10-05 19:23:29.301631,0.639426,False,False,False,7,A,181,False,6792,-10.0,0.0,False,111.364312,114.67801,114.409212,94.580702,114.543611,1.886911,False,2.098307,2.247302,2.234211,1.343651,2.240756
32,Light_NGC 7000_120.0s_Bin1_20261005-212730_181deg_0032.fit,2026-10-05 19:25:29.931040,0.629409,False,False,False,7,A,181,False,6792,-10.0,0.0,False,110.76491,113.602204,113.430693,94.099598,113.516449,1.236931,False,2.071389,2.198989,2.190267,1.322045,2.194628
33,Light_NGC 7000_120.0s_Bin1_20261005-213018_181deg_0033.fit,2026-10-05 19:28:18.065425,48.134385,True,True,False,8,B,181,False,6792,-10.0,0.0,False,110.182997,113.675889,113.350746,93.927072,113.513318,1.23495,False,2.045256,2.202298,2.186677,1.314297,2.194487
34,Light_NGC 7000_120.0s_Bin1_20261005-213219_181deg_0034.fit,2026-10-05 19:30:18.695641,0.630216,False,False,False,8,B,181,False,6792,-10.0,0.0,False,109.8952,113.064062,113.112551,93.840533,113.088307,0.966006,False,2.032331,2.174821,2.17598,1.310411,2.175401
35,Light_NGC 7000_120.0s_Bin1_20261005-213419_181deg_0035.fit,2026-10-05 19:32:19.330539,0.634898,False,False,False,8,B,181,False,6792,-10.0,0.0,False,110.292982,113.350305,113.689147,94.062258,113.519726,1.239005,False,2.050195,2.187676,2.201874,1.320368,2.194775
36,Light_NGC 7000_120.0s_Bin1_20261005-213620_181deg_0036.fit,2026-10-05 19:34:20.017913,0.687374,False,False,False,8,B,181,False,6792,-10.0,0.0,False,110.587344,113.618182,113.796443,94.555592,113.707312,1.357708,False,2.063415,2.199706,2.206692,1.342523,2.203199
37,Light_NGC 7000_120.0s_Bin1_20261005-213842_181deg_0037.fit,2026-10-05 19:36:42.066244,22.048331,True,True,False,9,A,181,False,6792,-10.0,0.0,False,110.610497,113.885113,113.908072,94.296,113.896593,1.477483,False,2.064454,2.211694,2.211706,1.330865,2.2117
38,Light_NGC 7000_120.0s_Bin1_20261005-214043_181deg_0038.fit,2026-10-05 19:38:42.727014,0.66077,False,False,False,9,A,181,False,6792,-10.0,0.0,False,109.850797,113.548656,113.218412,93.827547,113.383534,1.152823,False,2.030337,2.196584,2.180734,1.309827,2.188659
39,Light_NGC 7000_120.0s_Bin1_20261005-214244_181deg_0039.fit,2026-10-05 19:40:43.428504,0.70149,False,False,False,9,A,181,False,6792,-10.0,0.0,False,109.36931,112.890693,112.747136,93.550612,112.818914,0.795537,False,2.008715,2.167036,2.15957,1.297391,2.163303
40,Light_NGC 7000_120.0s_Bin1_20261005-214444_181deg_0040.fit,2026-10-05 19:42:44.138087,0.709583,False,False,False,9,A,181,False,6792,-10.0,0.0,False,109.386486,112.929403,112.835664,93.26513,112.882534,0.835795,False,2.009486,2.168774,2.163545,1.28457,2.16616
41,Light_NGC 7000_120.0s_Bin1_20261005-214714_181deg_0041.fit,2026-10-05 19:45:14.083694,29.945607,True,True,False,10,B,181,False,6792,-10.0,0.0,False,109.233813,112.321743,112.431081,93.165761,112.376412,0.515525,False,2.00263,2.141485,2.145376,1.280108,2.14343
42,Light_NGC 7000_120.0s_Bin1_20261005-214915_181deg_0042.fit,2026-10-05 19:47:14.720191,0.636497,False,False,False,10,B,181,False,6792,-10.0,0.0,False,108.551225,111.890788,111.704198,92.889202,111.797493,0.14919,False,1.971975,2.122131,2.112733,1.267688,2.117432
43,Light_NGC 7000_120.0s_Bin1_20261005-215116_181deg_0043.fit,2026-10-05 19:49:15.442893,0.722702,False,False,False,10,B,181,False,6792,-10.0,0.0,False,108.628467,111.900513,111.621655,92.860687,111.761084,0.126151,False,1.975444,2.122568,2.109026,1.266407,2.115797
44,Light_NGC 7000_120.0s_Bin1_20261005-215316_182deg_0044.fit,2026-10-05 19:51:16.143122,0.700229,False,False,False,10,B,182,False,6792,-10.0,0.0,False,108.978185,112.178423,112.460305,93.073727,112.319364,0.479426,False,1.99115,2.135049,2.146688,1.275974,2.140869
45,Light_NGC 7000_120.0s_Bin1_20261005-215538_182deg_0045.fit,2026-10-05 19:53:38.092415,21.949293,True,True,False,11,A,182,False,6792,-10.0,0.0,False,108.978992,112.490431,112.546875,93.094985,112.518653,0.605534,False,1.991186,2.14906,2.150576,1.276929,2.149818
46,Light_NGC 7000_120.0s_Bin1_20261005-215739_182deg_0046.fit,2026-10-05 19:55:38.804250,0.711835,False,False,False,11,A,182,False,6792,-10.0,0.0,False,108.342478,111.71288,111.669935,92.717439,111.691407,0.08206,False,1.962601,2.114142,2.111194,1.259974,2.112668
47,Light_NGC 7000_120.0s_Bin1_20261005-215940_182deg_0047.fit,2026-10-05 19:57:39.438549,0.634299,False,False,False,11,A,182,False,6792,-10.0,0.0,False,107.850877,111.1625,110.969357,92.277462,111.065929,-0.313738,False,1.940524,2.089425,2.079732,1.240215,2.084578
48,Light_NGC 7000_120.0s_Bin1_20261005-220140_182deg_0048.fit,2026-10-05 19:59:40.141244,0.702695,False,False,False,11,A,182,False,6792,-10.0,0.0,False,107.472303,110.49409,110.730088,92.130678,110.612089,-0.600924,False,1.923523,2.059408,2.068987,1.233623,2.064197
49,Light_NGC 7000_120.0s_Bin1_20261005-220416_182deg_0049.fit,2026-10-05 20:02:16.092504,35.95126,True,True,False,12,B,182,False,6792,-10.0,0.0,False,108.312623,111.800395,111.675214,92.40618,111.737804,0.11142,False,1.96126,2.118072,2.111431,1.245996,2.114751
50,Light_NGC 7000_120.0s_Bin1_20261005-220616_182deg_0050.fit,2026-10-05 20:04:16.262213,0.169709,False,False,False,12,B,182,False,6792,-10.0,0.0,False,107.861516,110.672144,110.84127,92.046232,110.756707,-0.509411,False,1.941002,2.067404,2.07398,1.229831,2.070692
51,Light_NGC 7000_120.0s_Bin1_20261005-220817_182deg_0051.fit,2026-10-05 20:06:16.905045,0.642832,False,False,False,12,B,182,False,6792,-10.0,0.0,False,107.854883,111.303167,111.412106,92.334674,111.357637,-0.129147,False,1.940704,2.095742,2.099615,1.242785,2.097679
52,Light_NGC 7000_120.0s_Bin1_20261005-221018_182deg_0052.fit,2026-10-05 20:08:17.609308,0.704263,False,False,False,12,B,182,False,6792,-10.0,0.0,False,107.978448,111.661507,111.385417,92.246528,111.523462,-0.024214,False,1.946253,2.111835,2.098417,1.238826,2.105126
53,Light_NGC 7000_120.0s_Bin1_20261005-221232_182deg_0053.fit,2026-10-05 20:10:31.530585,13.921277,True,True,False,13,A,182,False,6792,-10.0,0.0,False,107.992792,111.34792,111.335544,92.375585,111.341732,-0.139212,False,1.946897,2.097752,2.096177,1.244622,2.096964
54,Light_NGC 7000_120.0s_Bin1_20261005-221432_182deg_0054.fit,2026-10-05 20:12:32.151747,0.621162,False,False,False,13,A,182,False,6792,-10.0,0.0,False,107.823105,111.191824,111.608397,92.094987,111.40011,-0.10227,False,1.939277,2.090742,2.10843,1.232021,2.099586
55,Light_NGC 7000_120.0s_Bin1_20261005-221633_182deg_0055.fit,2026-10-05 20:14:32.767854,0.616107,False,False,False,13,A,182,False,6792,-10.0,0.0,False,107.668196,111.236402,111.215385,92.104149,111.225893,-0.212514,False,1.93232,2.092744,2.090781,1.232432,2.091762
56,Light_NGC 7000_120.0s_Bin1_20261005-221834_182deg_0056.fit,2026-10-05 20:16:33.490304,0.72245,False,False,False,13,A,182,False,6792,-10.0,0.0,False,106.984615,110.085987,110.108447,91.793591,110.097217,-0.92673,False,1.901621,2.04108,2.04107,1.218485,2.041075
57,Light_NGC 7000_120.0s_Bin1_20261005-222342_182deg_0057.fit,2026-10-05 20:21:41.413329,187.923025,True,True,True,14,B,182,False,6736,-10.0,0.0,False,108.084399,111.434281,111.633413,92.361136,111.533847,-0.017643,False,1.951011,2.10163,2.109554,1.243973,2.105592
58,Light_NGC 7000_120.0s_Bin1_20261005-222542_182deg_0058.fit,2026-10-05 20:23:42.134201,0.720872,False,False,False,14,B,182,False,6736,-10.0,0.0,False,108.082139,111.336938,111.5625,92.530488,111.449719,-0.070878,False,1.950909,2.097259,2.106369,1.251578,2.101814
59,Light_NGC 7000_120.0s_Bin1_20261005-222743_182deg_0059.fit,2026-10-05 20:25:42.863924,0.729723,False,False,False,14,B,182,False,6736,-10.0,0.0,False,108.222523,111.521231,111.197605,92.565028,111.359418,-0.12802,False,1.957214,2.105535,2.089982,1.253129,2.097759
60,Light_NGC 7000_120.0s_Bin1_20261005-222944_182deg_0060.fit,2026-10-05 20:27:43.490670,0.626746,False,False,False,14,B,182,False,6736,-10.0,0.0,False,108.016071,111.085995,111.273903,92.209728,111.179949,-0.241587,False,1.947942,2.085989,2.093409,1.237173,2.089699
61,Light_NGC 7000_120.0s_Bin1_20261005-223212_182deg_0061.fit,2026-10-05 20:30:11.560474,28.069804,True,True,False,15,A,182,False,6736,-10.0,0.0,False,107.649786,110.241791,110.210723,92.002901,110.226257,-0.845075,False,1.931493,2.048077,2.045663,1.227885,2.04687
62,Light_NGC 7000_120.0s_Bin1_20261005-223413_182deg_0062.fit,2026-10-05 20:32:12.365630,0.805156,False,False,False,15,A,182,False,6736,-10.0,0.0,False,107.196462,110.561404,110.154891,91.905923,110.358147,-0.761616,False,1.911135,2.062431,2.043155,1.22353,2.052793
63,Light_NGC 7000_120.0s_Bin1_20261005-223613_182deg_0063.fit,2026-10-05 20:34:13.094830,0.7292,False,False,False,15,A,182,False,6736,-10.0,0.0,False,107.522556,110.284261,110.295752,92.019231,110.290006,-0.804735,False,1.925779,2.049984,2.049481,1.228619,2.049733
64,Light_NGC 7000_120.0s_Bin1_20261005-223814_182deg_0064.fit,2026-10-05 20:36:13.763614,0.668784,False,False,False,15,A,182,False,6736,-10.0,0.0,False,108.191958,111.383041,111.501672,92.290616,111.442357,-0.075537,False,1.955841,2.099329,2.103638,1.240806,2.101483
65,Light_NGC 7000_120.0s_Bin1_20261005-224042_182deg_0065.fit,2026-10-05 20:38:41.565355,27.801741,True,True,False,16,B,182,False,6736,-10.0,0.0,False,108.143114,111.327451,111.621212,92.419881,111.474332,-0.055304,False,1.953648,2.096833,2.109006,1.246611,2.102919
66,Light_NGC 7000_120.0s_Bin1_20261005-224242_182deg_0066.fit,2026-10-05 20:40:42.322292,0.756937,False,False,False,16,B,182,False,6736,-10.0,0.0,False,107.550114,110.843799,110.9,92.047038,110.8719,-0.436518,False,1.927017,2.075113,2.076617,1.229867,2.075865
67,Light_NGC 7000_120.0s_Bin1_20261005-224443_182deg_0067.fit,2026-10-05 20:42:42.965689,0.643397,False,False,False,16,B,182,False,6736,-10.0,0.0,False,106.520478,109.704276,109.864943,91.242204,109.784609,-1.124546,False,1.880777,2.023938,2.030134,1.193723,2.027036
68,Light_NGC 7000_120.0s_Bin1_20261005-224644_182deg_0068.fit,2026-10-05 20:44:43.697176,0.731487,False,False,False,16,B,182,False,6736,-10.0,0.0,False,106.989855,110.324363,110.131793,91.434277,110.228078,-0.843923,False,1.901857,2.051785,2.042118,1.202349,2.046952
69,Light_NGC 7000_120.0s_Bin1_20261005-224922_182deg_0069.fit,2026-10-05 20:47:21.566675,37.869499,True,True,False,17,A,182,False,6736,-10.5,-0.5,False,106.477811,109.521739,109.651515,91.200437,109.586627,-1.249828,False,1.878861,2.015741,2.02055,1.191848,2.018145
70,Light_NGC 7000_120.0s_Bin1_20261005-225122_182deg_0070.fit,2026-10-05 20:49:22.291869,0.725194,False,False,False,17,A,182,False,6736,-10.0,0.0,False,106.556367,109.942334,109.931499,91.334262,109.936917,-1.028167,False,1.882389,2.034629,2.033123,1.197858,2.033876
71,Light_NGC 7000_120.0s_Bin1_20261005-225323_182deg_0071.fit,2026-10-05 20:51:22.987715,0.695846,False,False,False,17,A,182,False,6736,-10.0,0.0,False,107.138821,110.276432,110.753369,91.574913,110.5149,-0.662424,False,1.908546,2.049633,2.070032,1.208665,2.059833
72,Light_NGC 7000_120.0s_Bin1_20261005-225524_182deg_0072.fit,2026-10-05 20:53:23.632021,0.644306,False,False,False,17,A,182,False,6736,-10.0,0.0,False,107.700803,110.688525,110.818444,91.861486,110.753484,-0.51145,False,1.933784,2.068139,2.072955,1.221534,2.070547
73,Light_NGC 7000_120.0s_Bin1_20261005-225800_182deg_0073.fit,2026-10-05 20:55:59.583332,35.951311,True,True,False,18,B,182,False,6736,-10.0,0.0,False,107.803951,111.014124,111.13601,92.070248,111.075067,-0.307955,False,1.938416,2.082762,2.087216,1.23091,2.084989
74,Light_NGC 7000_120.0s_Bin1_20261005-230000_182deg_0074.fit,2026-10-05 20:58:00.275895,0.692563,False,False,False,18,B,182,False,6736,-10.0,0.0,False,108.274704,111.425926,111.71146,92.397502,111.568693,0.004407,False,1.959557,2.101255,2.113059,1.245606,2.107157
75,Light_NGC 7000_120.0s_Bin1_20261005-230201_182deg_0075.fit,2026-10-05 21:00:00.979204,0.703309,False,False,False,18,B,182,False,6736,-10.0,0.0,False,107.682927,110.571429,110.934169,92.051836,110.752799,-0.511884,False,1.932981,2.062881,2.078152,1.230083,2.070516
76,Light_NGC 7000_120.0s_Bin1_20261005-230402_182deg_0076.fit,2026-10-05 21:02:01.662530,0.683326,False,False,False,18,B,182,False,6736,-10.5,-0.5,False,107.537997,110.32907,110.451852,91.730558,110.390461,-0.741168,False,1.926473,2.051997,2.056492,1.215655,2.054244
77,Light_NGC 7000_120.0s_Bin1_20261005-230654_182deg_0077.fit,2026-10-05 21:04:53.577655,51.915125,True,True,False,19,A,182,False,6736,-10.0,0.0,False,107.43287,110.555707,110.559603,91.810661,110.557655,-0.635369,False,1.921752,2.062175,2.061331,1.219252,2.061753
78,Light_NGC 7000_120.0s_Bin1_20261005-230854_182deg_0078.fit,2026-10-05 21:06:54.226377,0.648722,False,False,False,19,A,182,False,6736,-10.0,0.0,False,107.49403,110.636919,110.717811,91.789474,110.677365,-0.559617,False,1.924498,2.065822,2.068435,1.2183,2.067129
79,Light_NGC 7000_120.0s_Bin1_20261005-231055_182deg_0079.fit,2026-10-05 21:08:54.873915,0.647538,False,False,False,19,A,182,False,6736,-10.0,0.0,False,107.81044,110.716049,110.609195,91.927873,110.662622,-0.568947,False,1.938708,2.069376,2.063558,1.224516,2.066467
80,Light_NGC 7000_120.0s_Bin1_20261005-231256_182deg_0080.fit,2026-10-05 21:10:55.649396,0.775481,False,False,False,19,A,182,False,6736,-10.0,0.0,False,107.35124,109.941748,109.857143,91.472222,109.899445,-1.051879,False,1.918086,2.034603,2.029784,1.204053,2.032193
81,Light_NGC 7000_120.0s_Bin1_20261005-231516_182deg_0081.fit,2026-10-05 21:13:15.605895,19.956499,True,True,False,20,B,182,False,6736,-10.0,0.0,False,106.719196,109.174009,109.375648,91.09607,109.274828,-1.447131,False,1.889702,2.000125,2.008161,1.187161,2.004143
82,Light_NGC 7000_120.0s_Bin1_20261005-231716_182deg_0082.fit,2026-10-05 21:15:16.327469,0.721574,False,False,False,20,B,182,False,6736,-10.0,0.0,False,106.397902,109.362396,109.389717,90.882057,109.376057,-1.383075,False,1.875273,2.008585,2.008793,1.17755,2.008689
83,Light_NGC 7000_120.0s_Bin1_20261005-231917_182deg_0083.fit,2026-10-05 21:17:16.983907,0.656438,False,False,False,20,B,182,False,6736,-10.0,0.0,False,105.928571,108.716939,108.352443,90.819678,108.534691,-1.915484,False,1.854196,1.979598,1.96221,1.174748,1.970904
84,Light_NGC 7000_120.0s_Bin1_20261005-232118_182deg_0084.fit,2026-10-05 21:19:17.668062,0.684155,False,False,False,20,B,182,False,6736,-10.0,0.0,False,106.830346,109.24804,109.171703,91.134503,109.209872,-1.488235,False,1.894693,2.003449,1.999002,1.188887,2.001226
85,Light_NGC 7000_120.0s_Bin1_20261005-232408_182deg_0085.fit,2026-10-05 21:22:07.611654,49.943592,True,True,False,21,A,182,False,6736,-10.5,-0.5,False,107.600402,110.694631,110.329157,91.652757,110.511894,-0.664326,False,1.929275,2.068414,2.050982,1.212161,2.059698
86,Light_NGC 7000_120.0s_Bin1_20261005-232608_182deg_0086.fit,2026-10-05 21:24:08.269670,0.658016,False,False,False,21,A,182,False,6736,-10.0,0.0,False,107.275777,110.428344,110.531193,91.466701,110.479768,-0.684655,False,1.914697,2.056455,2.060055,1.203805,2.058255
87,Light_NGC 7000_120.0s_Bin1_20261005-232809_182deg_0087.fit,2026-10-05 21:26:08.986978,0.717308,False,False,False,21,A,182,False,6736,-10.0,0.0,False,111.375168,114.216814,114.102767,92.874421,114.15979,1.644032,False,2.098795,2.22659,2.220449,1.267024,2.223519
88,Light_NGC 7000_120.0s_Bin1_20261005-233010_182deg_0088.fit,2026-10-05 21:28:09.688728,0.70175,False,False,False,21,A,182,False,6736,-10.0,0.0,False,112.370056,114.865741,114.784211,93.078301,114.824976,2.064956,False,2.143474,2.255732,2.251052,1.27618,2.253392
89,Light_NGC 7000_120.0s_Bin1_20261005-233242_182deg_0089.fit,2026-10-05 21:30:41.616574,31.927846,True,True,False,22,,182,False,6736,-10.5,-0.5,False,109.084602,111.856627,111.836538,91.865228,111.846582,0.180254,False,1.995929,2.120597,2.118676,1.221702,2.119637
90,Light_NGC 7000_120.0s_Bin1_20261005-233443_182deg_0090.fit,2026-10-05 21:32:42.436053,0.819479,False,False,False,22,reference,182,False,6736,-10.0,0.0,False,108.269821,110.916894,110.995627,91.696221,110.95626,-0.383135,False,1.959338,2.078395,2.080912,1.214113,2.079653
91,Light_NGC 7000_120.0s_Bin1_20261005-233643_182deg_0091.fit,2026-10-05 21:34:43.130804,0.694751,False,False,False,22,,182,False,6736,-10.0,0.0,False,106.930636,109.763006,110.001845,91.359035,109.882425,-1.062649,False,1.899197,2.026576,2.036282,1.19897,2.031429
92,Light_NGC 7000_120.0s_Bin1_20261005-233844_182deg_0092.fit,2026-10-05 21:36:43.813102,0.682298,False,False,False,22,,182,False,6736,-10.0,0.0,False,106.343023,109.43586,109.264205,90.804906,109.350032,-1.399543,False,1.872808,2.011884,2.003156,1.174085,2.00752
93,Light_NGC 7000_120.0s_Bin1_20261005-234132_182deg_0093.fit,2026-10-05 21:39:31.628863,47.815761,True,True,False,23,B,182,False,6736,-10.5,-0.5,False,106.979911,109.660232,109.795673,90.931587,109.727952,-1.160398,False,1.90141,2.02196,2.027024,1.179774,2.024492
94,Light_NGC 7000_120.0s_Bin1_20261005-234332_182deg_0094.fit,2026-10-05 21:41:32.285319,0.656456,False,False,False,23,B,182,False,6736,-10.0,0.0,False,107.076923,109.947964,109.955446,91.119744,109.951705,-1.01881,False,1.905767,2.034882,2.034199,1.188224,2.03454
95,Light_NGC 7000_120.0s_Bin1_20261005-234533_182deg_0095.fit,2026-10-05 21:43:32.963962,0.678643,False,False,False,23,B,182,False,6736,-10.0,0.0,False,107.979433,110.970954,111.033573,91.792814,111.002264,-0.354024,False,1.946297,2.080823,2.082616,1.21845,2.081719
96,Light_NGC 7000_120.0s_Bin1_20261005-234734_182deg_0096.fit,2026-10-05 21:45:33.693693,0.729731,False,False,False,23,B,182,False,6736,-10.0,0.0,False,108.522546,111.471642,111.637885,91.87037,111.554763,-0.004407,False,1.970688,2.103308,2.109755,1.221933,2.106531
97,Light_NGC 7000_120.0s_Bin1_20261005-235008_182deg_0097.fit,2026-10-05 21:48:07.640549,33.946856,True,True,False,24,A,182,False,6736,-10.0,0.0,False,108.247748,111.073187,111.086103,91.814495,111.079645,-0.305058,False,1.958347,2.085414,2.084975,1.219424,2.085194
98,Light_NGC 7000_120.0s_Bin1_20261005-235209_182deg_0098.fit,2026-10-05 21:50:08.412158,0.771609,False,False,False,24,A,182,False,6736,-10.0,0.0,False,108.548825,111.402351,111.641962,92.023256,111.522157,-0.02504,False,1.971868,2.100196,2.109938,1.228799,2.105067
99,Light_NGC 7000_120.0s_Bin1_20261005-235409_182deg_0099.fit,2026-10-05 21:52:09.095448,0.68329,False,False,False,24,A,182,False,6736,-10.0,0.0,False,108.234332,111.251131,111.231744,92.181465,111.241437,-0.202677,False,1.957744,2.093405,2.091515,1.235904,2.09246
100,Light_NGC 7000_120.0s_Bin1_20261005-235610_182deg_0100.fit,2026-10-05 21:54:09.825031,0.729583,False,False,False,24,A,182,False,6736,-10.0,0.0,False,108.86747,111.502387,111.53645,92.549002,111.519418,-0.026773,False,1.986178,2.104689,2.105199,1.25241,2.104944
101,Light_NGC 7000_120.0s_Bin1_20261005-235912_182deg_0101.fit,2026-10-05 21:57:11.635862,61.810831,True,True,False,25,B,182,False,6736,-10.5,-0.5,False,108.938679,111.545255,111.347154,92.327727,111.446205,-0.073102,False,1.989375,2.106614,2.096698,1.242473,2.101656
102,Light_NGC 7000_120.0s_Bin1_20261006-000112_182deg_0102.fit,2026-10-05 21:59:12.359120,0.723258,False,False,False,25,B,182,False,6736,-10.0,0.0,False,108.747328,111.34803,111.149227,92.141723,111.248629,-0.198127,False,1.980782,2.097757,2.08781,1.234119,2.092783
103,Light_NGC 7000_120.0s_Bin1_20261006-000313_182deg_0103.fit,2026-10-05 22:01:13.030642,0.671522,False,False,False,25,B,182,False,6736,-10.0,0.0,False,107.933855,110.897436,110.773834,91.716839,110.835635,-0.459466,False,1.94425,2.077521,2.070951,1.215039,2.074236
104,Light_NGC 7000_120.0s_Bin1_20261006-000514_182deg_0104.fit,2026-10-05 22:03:13.741571,0.710929,False,False,False,25,B,182,False,6736,-10.0,0.0,False,107.714286,110.839587,110.855886,91.65353,110.847737,-0.451808,False,1.93439,2.074923,2.074636,1.212195,2.07478
105,Light_NGC 7000_120.0s_Bin1_20261006-000742_182deg_0105.fit,2026-10-05 22:05:41.645588,27.904017,True,True,False,26,A,182,False,6736,-10.0,0.0,False,107.808108,110.670667,110.426683,91.5,110.548675,-0.641052,False,1.938603,2.067337,2.055361,1.205301,2.061349
106,Light_NGC 7000_120.0s_Bin1_20261006-000943_182deg_0106.fit,2026-10-05 22:07:42.445303,0.799715,False,False,False,26,A,182,False,6736,-10.0,0.0,False,108.582902,111.522965,111.638943,92.034824,111.580954,0.012166,False,1.973398,2.105613,2.109802,1.229319,2.107708
107,Light_NGC 7000_120.0s_Bin1_20261006-001143_182deg_0107.fit,2026-10-05 22:09:43.077714,0.632411,False,False,False,26,A,182,False,6736,-10.5,-0.5,False,108.244958,111.521611,111.549702,91.735772,111.535656,-0.016498,False,1.958221,2.105552,2.105794,1.215889,2.105673
108,Light_NGC 7000_120.0s_Bin1_20261006-001344_182deg_0108.fit,2026-10-05 22:11:43.754338,0.676624,False,False,False,26,A,182,False,6736,-10.0,0.0,False,107.132455,110.019947,110.19112,91.270724,110.105533,-0.921468,False,1.908261,2.038115,2.044782,1.195004,2.041448
109,Light_NGC 7000_120.0s_Bin1_20261006-001610_182deg_0109.fit,2026-10-05 22:14:09.655363,25.901025,True,True,False,27,B,182,False,6736,-10.0,0.0,False,107.890418,110.504184,110.915534,91.619606,110.709859,-0.539056,False,1.9423,2.059861,2.077315,1.210672,2.068588
110,Light_NGC 7000_120.0s_Bin1_20261006-001810_182deg_0110.fit,2026-10-05 22:16:10.274867,0.619504,False,False,False,27,B,182,False,6736,-10.0,0.0,False,107.74502,110.937401,110.796371,91.844212,110.866886,-0.43969,False,1.93577,2.079316,2.071963,1.220759,2.07564
111,Light_NGC 7000_120.0s_Bin1_20261006-002011_182deg_0111.fit,2026-10-05 22:18:10.967193,0.692326,False,False,False,27,B,182,False,6736,-10.0,0.0,False,107.303859,110.518154,110.254558,91.436877,110.386356,-0.743766,False,1.915958,2.060488,2.047631,1.202466,2.05406
112,Light_NGC 7000_120.0s_Bin1_20261006-002212_182deg_0112.fit,2026-10-05 22:20:11.607641,0.640448,False,False,False,27,B,182,False,6736,-10.0,0.0,False,107.51952,110.309672,110.293249,91.122672,110.301461,-0.797487,False,1.925643,2.051126,2.049369,1.188355,2.050247
113,Light_NGC 7000_120.0s_Bin1_20261006-002718_182deg_0113.fit,2026-10-05 22:25:17.532445,185.924804,True,True,True,28,A,182,False,6703,-10.0,0.0,False,107.815545,111.37291,111.189831,91.40797,111.28137,-0.177408,False,1.938937,2.098874,2.089633,1.201168,2.094254
114,Light_NGC 7000_120.0s_Bin1_20261006-002918_182deg_0114.fit,2026-10-05 22:27:18.244155,0.71171,False,False,False,28,A,182,False,6703,-10.0,0.0,False,108.819574,112.008982,111.900314,91.848382,111.954648,0.248636,False,1.984027,2.127439,2.12154,1.220946,2.12449
115,Light_NGC 7000_120.0s_Bin1_20261006-003119_182deg_0115.fit,2026-10-05 22:29:18.893731,0.649576,False,False,False,28,A,182,False,6703,-10.0,0.0,False,108.260563,111.83945,111.929742,91.697133,111.884596,0.204308,False,1.958922,2.119826,2.122862,1.214154,2.121344
116,Light_NGC 7000_120.0s_Bin1_20261006-003320_182deg_0116.fit,2026-10-05 22:31:19.521611,0.62788,False,False,False,28,A,182,False,6703,-10.0,0.0,False,108.005226,111.868921,111.818797,91.646084,111.843859,0.17853,False,1.947455,2.121149,2.117879,1.211861,2.119514
117,Light_NGC 7000_120.0s_Bin1_20261006-003602_182deg_0117.fit,2026-10-05 22:34:01.672615,42.151004,True,True,False,29,B,182,False,6703,-10.0,0.0,False,108.129758,111.672794,111.734234,91.574286,111.703514,0.089721,False,1.953048,2.112342,2.114082,1.208637,2.113212
118,Light_NGC 7000_120.0s_Bin1_20261006-003802_182deg_0118.fit,2026-10-05 22:36:02.355553,0.682938,False,False,False,29,B,182,False,6703,-10.0,0.0,False,108.897906,112.441472,112.375394,92.162269,112.408433,0.535788,False,1.987544,2.146862,2.142875,1.235042,2.144868
119,Light_NGC 7000_120.0s_Bin1_20261006-004003_182deg_0119.fit,2026-10-05 22:38:03.004451,0.648898,False,False,False,29,B,182,False,6703,-10.0,0.0,False,108.727488,111.953237,112.280287,92.005678,112.116762,0.351221,False,1.979891,2.124936,2.138604,1.22801,2.13177
120,Light_NGC 7000_120.0s_Bin1_20261006-004204_182deg_0120.fit,2026-10-05 22:40:03.823333,0.818882,False,False,False,29,B,182,False,6703,-10.0,0.0,False,108.451378,111.861042,112.033223,91.79607,111.947132,0.243881,False,1.967491,2.120796,2.127509,1.218597,2.124152
121,Light_NGC 7000_120.0s_Bin1_20261006-004442_182deg_0121.fit,2026-10-05 22:42:41.682212,37.858879,True,True,False,30,A,182,False,6703,-10.0,0.0,False,110.318182,113.307056,113.799639,92.649386,113.553348,1.26028,False,2.051327,2.185734,2.206836,1.256918,2.196285
122,Light_NGC 7000_120.0s_Bin1_20261006-004643_182deg_0122.fit,2026-10-05 22:44:42.391970,0.709758,False,False,False,30,A,182,False,6703,-10.0,0.0,False,109.392357,113.506881,112.987437,92.15896,113.247159,1.066527,False,2.00975,2.194708,2.170361,1.234894,2.182534
123,Light_NGC 7000_120.0s_Bin1_20261006-004843_182deg_0123.fit,2026-10-05 22:46:43.110264,0.718294,False,False,False,30,A,182,False,6703,-10.0,0.0,False,109.869987,113.563232,113.394203,92.537602,113.478717,1.213055,False,2.031199,2.197238,2.188628,1.251898,2.192933
124,Light_NGC 7000_120.0s_Bin1_20261006-005044_182deg_0124.fit,2026-10-05 22:48:43.780036,0.669772,False,False,False,30,A,182,False,6703,-10.0,0.0,False,109.810139,113.50885,113.282516,92.613255,113.395683,1.160511,False,2.028512,2.194796,2.183613,1.255295,2.189204
125,Light_NGC 7000_120.0s_Bin1_20261006-005320_182deg_0125.fit,2026-10-05 22:51:19.692115,35.912079,True,True,False,31,B,182,False,6703,-10.0,0.0,False,110.570922,114.578184,114.188544,93.384368,114.383364,1.785508,False,2.062677,2.242819,2.224301,1.289925,2.23356
126,Light_NGC 7000_120.0s_Bin1_20261006-005521_182deg_0126.fit,2026-10-05 22:53:20.386867,0.694752,False,False,False,31,B,182,False,6703,-10.0,0.0,False,110.211009,113.985496,113.765252,92.854356,113.875374,1.464056,False,2.046514,2.216202,2.205292,1.266123,2.210747
127,Light_NGC 7000_120.0s_Bin1_20261006-005721_182deg_0127.fit,2026-10-05 22:55:21.089876,0.703009,False,False,False,31,B,182,False,6703,-10.0,0.0,False,109.38587,113.342266,113.30182,92.366615,113.322043,1.113913,False,2.009458,2.187315,2.18448,1.244219,2.185897
128,Light_NGC 7000_120.0s_Bin1_20261006-005922_182deg_0128.fit,2026-10-05 22:57:21.759441,0.669565,False,False,False,31,B,182,False,6703,-10.0,0.0,False,109.261481,113.04479,113.282705,92.077128,113.163747,1.013745,False,2.003872,2.173956,2.183621,1.231219,2.178789
129,Light_NGC 7000_120.0s_Bin1_20261006-010212_182deg_0129.fit,2026-10-05 23:00:11.704930,49.945489,True,True,False,32,A,182,False,6703,-10.5,-0.5,False,109.027972,112.818408,112.692661,91.901709,112.755534,0.755431,False,1.993386,2.163789,2.157123,1.223341,2.160456
130,Light_NGC 7000_120.0s_Bin1_20261006-010412_182deg_0130.fit,2026-10-05 23:02:12.392617,0.687687,False,False,False,32,A,182,False,6703,-10.0,0.0,False,109.032225,113.225055,113.252688,92.126886,113.238872,1.061283,False,1.993576,2.182051,2.182273,1.233453,2.182162
131,Light_NGC 7000_120.0s_Bin1_20261006-010613_182deg_0131.fit,2026-10-05 23:04:13.033253,0.640636,False,False,False,32,A,182,False,6703,-10.0,0.0,False,108.332474,112.472806,112.398598,91.745314,112.435702,0.553043,False,1.962152,2.148269,2.143917,1.216317,2.146093
132,Light_NGC 7000_120.0s_Bin1_20261006-010814_182deg_0132.fit,2026-10-05 23:06:13.755323,0.72207,False,False,False,32,A,182,False,6703,-10.0,0.0,False,108.666084,113.013292,112.919753,91.78913,112.966523,0.888942,False,1.977134,2.172541,2.167322,1.218285,2.169931
133,Light_NGC 7000_120.0s_Bin1_20261006-011052_182deg_0133.fit,2026-10-05 23:08:51.704339,37.949016,True,True,False,33,B,182,False,6703,-10.0,0.0,False,108.212401,112.378407,112.219728,91.623837,112.299067,0.466582,False,1.956759,2.14403,2.135884,1.210862,2.139957
134,Light_NGC 7000_120.0s_Bin1_20261006-011253_182deg_0134.fit,2026-10-05 23:10:52.492467,0.788128,False,False,False,33,B,182,False,6703,-10.0,0.0,False,107.886691,111.882768,111.632743,91.265766,111.757756,0.124045,False,1.942132,2.121771,2.109524,1.194781,2.115647
135,Light_NGC 7000_120.0s_Bin1_20261006-011453_182deg_0135.fit,2026-10-05 23:12:53.147931,0.655464,False,False,False,33,B,182,False,6703,-10.0,0.0,False,107.42268,111.969108,111.848428,91.170708,111.908768,0.219604,False,1.921294,2.125649,2.11921,1.190513,2.122429
136,Light_NGC 7000_120.0s_Bin1_20261006-011654_182deg_0136.fit,2026-10-05 23:14:53.822875,0.674944,False,False,False,33,B,182,False,6703,-10.0,0.0,False,108.318882,112.235178,112.188207,91.401526,112.211692,0.411292,False,1.961541,2.137597,2.134469,1.200878,2.136033
137,Light_NGC 7000_120.0s_Bin1_20261006-011926_182deg_0137.fit,2026-10-05 23:17:25.714837,31.891962,True,True,False,34,A,182,False,6703,-10.0,0.0,False,108.653955,112.777854,112.799304,91.581727,112.788579,0.776341,False,1.976589,2.161968,2.161912,1.208971,2.16194
138,Light_NGC 7000_120.0s_Bin1_20261006-012127_182deg_0138.fit,2026-10-05 23:19:26.456871,0.742034,False,False,False,34,A,182,False,6703,-10.0,0.0,False,109.148995,113.561558,113.397959,91.818493,113.479758,1.213714,False,1.99882,2.197163,2.188797,1.219604,2.19298
139,Light_NGC 7000_120.0s_Bin1_20261006-012327_182deg_0139.fit,2026-10-05 23:21:27.104761,0.64789,False,False,False,34,A,182,False,6703,-10.0,0.0,False,111.245946,115.412871,115.562257,92.468472,115.487564,2.484237,False,2.092992,2.280303,2.285993,1.248793,2.283148
140,Light_NGC 7000_120.0s_Bin1_20261006-012528_182deg_0140.fit,2026-10-05 23:23:27.806154,0.701393,False,False,False,34,A,182,False,6703,-10.0,0.0,False,109.956403,114.417864,114.532368,92.096747,114.475116,1.843568,False,2.03508,2.235619,2.239742,1.2321,2.23768
141,Light_NGC 7000_120.0s_Bin1_20261006-012816_182deg_0141.fit,2026-10-05 23:26:15.736537,47.930383,True,True,False,35,B,182,False,6703,-10.5,-0.5,False,108.961957,113.673862,113.536364,91.834177,113.605113,1.293037,False,1.990421,2.202207,2.195013,1.220308,2.19861
142,Light_NGC 7000_120.0s_Bin1_20261006-013017_182deg_0142.fit,2026-10-05 23:28:16.433157,0.69662,False,False,False,35,B,182,False,6703,-10.0,0.0,False,109.238928,113.675131,113.478052,92.038174,113.576592,1.274989,False,2.002859,2.202264,2.192394,1.229469,2.197329
143,Light_NGC 7000_120.0s_Bin1_20261006-013217_182deg_0143.fit,2026-10-05 23:30:17.175441,0.742284,False,False,False,35,B,182,False,6703,-10.0,0.0,False,110.263538,114.736786,114.331447,92.47861,114.534117,1.880903,False,2.048873,2.249941,2.230719,1.249249,2.24033
144,Light_NGC 7000_120.0s_Bin1_20261006-013418_182deg_0144.fit,2026-10-05 23:32:17.839378,0.663937,False,False,False,35,B,182,False,6703,-10.0,0.0,False,110.649909,114.526087,114.826034,92.410801,114.676061,1.970724,False,2.066224,2.240479,2.25293,1.246203,2.246704
145,Light_NGC 7000_120.0s_Bin1_20261006-013646_182deg_0145.fit,2026-10-05 23:34:45.737286,27.897908,True,True,False,36,A,182,False,6703,-10.0,0.0,False,112.570391,116.306495,116.634465,93.234133,116.47048,3.106218,False,2.152471,2.320435,2.334144,1.283178,2.327289
146,Light_NGC 7000_120.0s_Bin1_20261006-013846_182deg_0146.fit,2026-10-05 23:36:46.359687,0.622401,False,False,False,36,A,182,False,6703,-10.0,0.0,False,111.44201,115.365569,115.773305,93.152174,115.569437,2.536045,False,2.101797,2.278179,2.29547,1.279497,2.286825
147,Light_NGC 7000_120.0s_Bin1_20261006-014047_182deg_0147.fit,2026-10-05 23:38:47.041171,0.681484,False,False,False,36,A,182,False,6703,-10.0,0.0,False,111.091522,115.36067,115.362069,92.953562,115.36137,2.404382,False,2.086057,2.277959,2.277002,1.270578,2.277481
148,Light_NGC 7000_120.0s_Bin1_20261006-014248_182deg_0148.fit,2026-10-05 23:40:47.794059,0.752888,False,False,False,36,A,182,False,6703,-10.0,0.0,False,111.962629,116.048813,115.888401,93.404947,115.968607,2.788636,False,2.125177,2.308862,2.300639,1.290849,2.304751
149,Light_NGC 7000_120.0s_Bin1_20261006-014528_182deg_0149.fit,2026-10-05 23:43:27.750667,39.956608,True,True,False,37,,182,False,6703,-10.0,0.0,False,112.336879,116.555096,116.153186,93.648819,116.354141,3.032599,False,2.141984,2.331599,2.31253,1.301801,2.322065
150,Light_NGC 7000_120.0s_Bin1_20261006-014729_182deg_0150.fit,2026-10-05 23:45:28.460385,0.709718,False,False,False,37,,182,False,6703,-10.0,0.0,False,112.288119,116.643411,116.368932,93.633201,116.506171,3.128803,False,2.139794,2.335565,2.322219,1.3011,2.328892
