t_dead,budget,gain,t,n_subs,ratio_100_50,ratio_200_50,snr_vs_today
0.0,0.005,50,50.0,318,0.940239,,1.277016
0.0,0.01,200,17.0,935,0.969863,1.075749,1.233152
0.0,0.02,200,30.0,530,0.986736,1.04825,1.136602
0.0,0.05,200,79.0,201,0.991266,1.021322,1.053777
0.0,0.1,200,138.0,115,1.004942,1.016674,1.03905
0.1,0.005,50,50.0,317,0.940179,,1.275006
0.1,0.01,200,17.0,930,0.971242,1.076258,1.229851
0.1,0.02,200,30.0,528,0.983628,1.04627,1.134456
0.1,0.05,200,79.0,201,0.991266,1.021322,1.053777
0.1,0.1,200,138.0,115,1.004942,1.016674,1.03905
0.2,0.005,50,50.0,316,0.940118,,1.272994
0.2,0.01,200,17.0,925,0.971242,1.073361,1.22654
0.2,0.02,200,30.0,526,0.983628,1.044286,1.132305
0.2,0.05,200,72.0,220,0.991266,1.019522,1.05192
0.2,0.1,200,138.0,115,1.004942,1.016674,1.03905
0.3,0.005,50,50.0,316,0.937791,,1.272994
0.3,0.01,200,17.0,919,0.969555,1.069874,1.222556
0.3,0.02,200,30.0,525,0.983628,1.043293,1.131228
0.3,0.05,200,72.0,220,0.991266,1.019522,1.05192
0.3,0.1,200,138.0,115,1.004942,1.016674,1.03905
0.4,0.005,50,50.0,315,0.937722,,1.270978
0.4,0.01,200,17.0,914,0.969555,1.06696,1.219225
0.4,0.02,200,30.0,523,0.983628,1.041304,1.129071
0.4,0.05,200,76.0,208,0.991266,1.018815,1.051191
0.4,0.1,200,151.0,105,1.004942,1.01647,1.038842
0.5,0.005,50,50.0,315,0.936163,,1.270978
0.5,0.01,200,17.0,909,0.967864,1.064038,1.215886
0.5,0.02,200,30.0,521,0.983628,1.039311,1.12691
0.5,0.05,200,79.0,200,0.991266,1.018778,1.051153
0.5,0.1,200,151.0,105,1.004942,1.01647,1.038842
0.6,0.005,50,50.0,314,0.936089,,1.268959
0.6,0.01,200,17.0,903,0.967864,1.06052,1.211866
0.6,0.02,200,30.0,519,0.983628,1.037314,1.124745
0.6,0.05,200,72.0,219,0.991266,1.017203,1.049527
0.6,0.1,200,165.0,96,1.004942,1.016238,1.038605
0.7,0.005,50,50.0,313,0.935228,,1.266937
0.7,0.01,200,17.0,898,0.969243,1.060943,1.208507
0.7,0.02,200,30.0,518,0.98051,1.036315,1.123661
0.7,0.05,200,76.0,207,0.991266,1.016363,1.048661
0.7,0.1,200,165.0,96,1.004942,1.016238,1.038605
0.8,0.005,50,50.0,313,0.933655,,1.266937
0.8,0.01,200,17.0,893,0.969243,1.057985,1.205138
0.8,0.02,200,30.0,516,0.98051,1.034312,1.12149
0.8,0.05,200,76.0,207,0.991289,1.016387,1.048661
0.8,0.1,200,158.0,100,1.004942,1.014835,1.037172
0.9,0.005,50,50.0,312,0.933572,,1.264911
0.9,0.01,200,17.0,888,0.967541,1.055019,1.201759
0.9,0.02,200,30.0,514,0.98051,1.032306,1.119314
0.9,0.05,200,79.0,199,0.991289,1.016252,1.048522
0.9,0.1,200,158.0,100,1.004942,1.014835,1.037172
1.0,0.005,50,50.0,311,0.933488,,1.262882
1.0,0.01,200,17.0,883,0.967541,1.052044,1.198371
1.0,0.02,200,30.0,513,0.98051,1.031301,1.118225
1.0,0.05,200,76.0,206,0.991289,1.013929,1.046125
1.0,0.1,200,158.0,100,1.004942,1.014835,1.037172
1.1,0.005,50,50.0,311,0.931902,,1.262882
1.1,0.01,200,17.0,879,0.965836,1.049659,1.195653
1.1,0.02,200,30.0,511,0.98051,1.029289,1.116043
1.1,0.05,200,76.0,206,0.991289,1.013929,1.046125
1.1,0.1,200,158.0,100,1.004942,1.014835,1.037172
1.2,0.005,50,50.0,310,0.931016,,1.26085
1.2,0.01,200,17.0,874,0.965836,1.046669,1.192248
1.2,0.02,200,30.0,509,0.98051,1.027272,1.113857
1.2,0.05,200,76.0,206,0.991289,1.013929,1.046125
1.2,0.1,200,181.0,87,1.004942,1.013488,1.035794
1.3,0.005,50,50.0,310,0.92942,,1.26085
1.3,0.01,200,17.0,869,0.964128,1.043671,1.188833
1.3,0.02,200,30.0,508,0.98051,1.026263,1.112762
1.3,0.05,200,79.0,198,0.991289,1.013695,1.045884
1.3,0.1,200,181.0,87,1.004942,1.013488,1.035794
1.4,0.005,50,50.0,309,0.929322,,1.258815
1.4,0.01,200,17.0,864,0.967213,1.043994,1.185408
1.4,0.02,200,30.0,506,0.977383,1.024241,1.11057
1.4,0.05,200,76.0,205,0.991289,1.011465,1.043582
1.4,0.1,200,181.0,87,1.004942,1.013488,1.035794
1.5,0.005,50,50.0,308,0.929223,,1.256777
1.5,0.01,200,17.0,860,0.965497,1.041575,1.182661
1.5,0.02,200,30.0,505,0.977383,1.023228,1.109472
1.5,0.05,200,76.0,205,0.991289,1.011465,1.043582
1.5,0.1,200,181.0,87,1.004942,1.013488,1.035794
1.6,0.005,50,50.0,308,0.927614,,1.256777
1.6,0.01,200,17.0,855,0.965497,1.038543,1.179218
1.6,0.02,200,30.0,503,0.977383,1.0212,1.107272
1.6,0.05,200,76.0,205,0.991289,1.011465,1.043582
1.6,0.1,200,181.0,87,1.004942,1.013488,1.035794
1.7,0.005,50,50.0,307,0.927509,,1.254735
1.7,0.01,200,17.0,850,0.963777,1.035502,1.175765
1.7,0.02,200,30.0,501,0.977383,1.019168,1.105069
1.7,0.05,200,79.0,197,0.991289,1.011132,1.043239
1.7,0.1,200,181.0,87,1.005341,1.019953,1.035794
1.8,0.005,50,50.0,307,0.925892,,1.254735
1.8,0.01,200,17.0,846,0.963777,1.033062,1.172995
1.8,0.02,200,30.0,500,0.977383,1.01815,1.103966
1.8,0.05,200,76.0,204,0.991289,1.008995,1.041034
1.8,0.1,200,181.0,87,1.005341,1.019953,1.035794
1.9,0.005,50,50.0,306,0.925781,,1.252689
1.9,0.01,200,17.0,841,0.962055,1.030005,1.169523
1.9,0.02,200,30.0,498,0.983049,1.022002,1.101755
1.9,0.05,200,76.0,204,0.991289,1.008995,1.041034
1.9,0.1,200,151.0,104,1.005341,1.018071,1.033883
2.0,0.005,50,50.0,305,0.925669,,1.250641
2.0,0.01,200,17.0,837,0.965153,1.030862,1.166739
2.0,0.02,200,30.0,497,0.979893,1.020976,1.100649
2.0,0.05,200,79.0,196,0.991289,1.008562,1.040588
2.0,0.1,200,165.0,95,1.005341,1.017381,1.033182
2.1,0.005,50,50.0,305,0.924038,,1.250641
2.1,0.01,200,17.0,833,0.963422,1.028396,1.163948
2.1,0.02,200,30.0,495,0.979893,1.018919,1.098432
2.1,0.05,200,79.0,196,0.991289,1.008562,1.040588
2.1,0.1,200,165.0,95,1.005341,1.017381,1.033182
2.2,0.005,50,50.0,304,0.923919,,1.248589
2.2,0.01,200,17.0,828,0.963422,1.025305,1.160449
2.2,0.02,200,30.0,494,0.979893,1.017889,1.097322
2.2,0.05,200,76.0,203,0.991289,1.006518,1.038479
2.2,0.1,200,165.0,95,1.005341,1.017381,1.033182
2.3,0.005,50,50.0,304,0.92228,,1.248589
2.3,0.01,200,17.0,824,0.961688,1.022825,1.157643
2.3,0.02,200,30.0,492,0.979893,1.015827,1.095098
2.3,0.05,200,76.0,203,0.991289,1.006518,1.038479
2.3,0.1,200,165.0,95,1.005341,1.017381,1.033182
2.4,0.005,50,50.0,303,0.922155,,1.246534
2.4,0.01,200,17.0,820,0.961688,1.020339,1.154829
2.4,0.02,200,30.0,491,0.979893,1.014794,1.093985
2.4,0.05,200,79.0,195,0.991289,1.005986,1.03793
2.4,0.1,200,165.0,95,1.005341,1.017381,1.033182
2.5,0.005,50,50.0,303,0.920507,,1.246534
2.5,0.01,200,17.0,815,0.95995,1.017224,1.151303
2.5,0.02,200,30.0,489,0.979893,1.012725,1.091754
2.5,0.05,200,79.0,195,0.991289,1.005986,1.03793
2.5,0.1,200,158.0,99,1.005341,1.01619,1.031973
2.6,0.005,50,50.0,302,0.920376,,1.244475
2.6,0.01,200,17.0,811,0.95995,1.014725,1.148474
2.6,0.02,200,30.0,488,0.979893,1.011689,1.090637
2.6,0.05,200,76.0,202,0.985207,1.004036,1.035918
2.6,0.1,200,158.0,99,1.005341,1.01619,1.031973
2.7,0.005,50,50.0,301,0.920244,,1.242413
2.7,0.01,200,17.0,807,0.961315,1.0155,1.145639
2.7,0.02,200,30.0,486,0.976727,1.009614,1.0884
2.7,0.05,200,76.0,202,0.985207,1.004036,1.035918
2.7,0.1,200,158.0,99,1.005341,1.01619,1.031973
2.8,0.005,50,50.0,301,0.918581,,1.242413
2.8,0.01,200,17.0,803,0.961315,1.01298,1.142796
2.8,0.02,200,30.0,485,0.976727,1.008575,1.08728
2.8,0.05,200,79.0,194,0.985207,1.003403,1.035265
2.8,0.1,200,173.0,90,1.005341,1.014092,1.029842
2.9,0.005,50,50.0,300,0.918443,,1.240347
2.9,0.01,200,17.0,799,0.959566,1.010454,1.139946
2.9,0.02,200,30.0,483,0.976727,1.006493,1.085036
2.9,0.05,200,79.0,194,0.985207,1.003403,1.035265
2.9,0.1,200,173.0,90,1.005341,1.014092,1.029842
3.0,0.005,50,50.0,300,0.916771,,1.240347
3.0,0.01,200,17.0,795,0.959566,1.007922,1.137089
3.0,0.02,200,30.0,482,0.976727,1.00545,1.083912
3.0,0.05,200,79.0,194,0.98339,1.003403,1.035265
3.0,0.1,200,173.0,90,1.005341,1.014092,1.029842
3.1,0.005,50,50.0,299,0.916626,,1.238278
3.1,0.01,200,17.0,791,0.957813,1.005383,1.134225
3.1,0.02,200,30.0,480,0.976727,1.003362,1.081661
3.1,0.05,200,76.0,201,0.98339,1.001548,1.033351
3.1,0.1,200,173.0,90,1.005341,1.014092,1.029842
3.2,0.005,50,50.0,299,0.914945,,1.238278
3.2,0.01,200,17.0,787,0.957813,1.002838,1.131353
3.2,0.02,200,30.0,479,0.976727,1.002317,1.080534
3.2,0.05,200,79.0,193,0.98339,1.000814,1.032594
3.2,0.1,200,173.0,90,1.005341,1.014092,1.029842
3.3,0.005,50,50.0,298,0.915637,,1.236206
3.3,0.01,200,17.0,783,0.956058,1.000286,1.128475
3.3,0.02,200,30.0,477,0.976727,1.000222,1.078275
3.3,0.05,200,79.0,193,0.98339,1.000814,1.032594
3.3,0.1,200,173.0,90,1.005341,1.014092,1.029842
3.4,0.005,50,50.0,297,0.915486,,1.23413
3.4,0.01,200,17.0,779,0.959177,1.000983,1.125588
3.4,0.02,50,181.0,86,0.97355,0.999173,1.078036
3.4,0.05,200,79.0,193,0.98339,1.000814,1.032594
3.4,0.1,200,173.0,90,1.005341,1.014092,1.029842
3.5,0.005,50,50.0,297,0.913792,,1.23413
3.5,0.01,50,100.0,153,0.957412,0.999053,1.124483
3.5,0.02,50,181.0,86,0.97355,0.997072,1.078036
3.5,0.05,50,477.0,33,0.98339,0.999053,1.031754
3.5,0.1,200,173.0,90,1.005341,1.014092,1.029842
3.6,0.005,50,50.0,296,0.913635,,1.232051
3.6,0.01,50,100.0,153,0.957412,0.996475,1.124483
3.6,0.02,50,181.0,86,0.97355,0.996019,1.078036
3.6,0.05,50,477.0,33,0.98339,0.998218,1.031754
3.6,0.1,200,173.0,90,1.005341,1.014092,1.029842
3.7,0.005,50,50.0,296,0.911932,,1.232051
3.7,0.01,50,100.0,153,0.957412,0.99389,1.124483
3.7,0.02,50,181.0,86,0.97355,0.994966,1.078036
3.7,0.05,50,477.0,33,0.98339,0.998218,1.031754
3.7,0.1,200,173.0,90,1.005341,1.014092,1.029842
3.8,0.005,50,50.0,295,0.911767,,1.229968
3.8,0.01,50,100.0,153,0.955644,0.991299,1.124483
3.8,0.02,50,181.0,86,0.97355,0.992856,1.078036
3.8,0.05,50,477.0,33,0.98339,0.998218,1.031754
3.8,0.1,200,181.0,86,1.005341,1.014075,1.029824
3.9,0.005,50,50.0,295,0.910911,,1.229968
3.9,0.01,50,100.0,153,0.955644,0.989351,1.124483
3.9,0.02,50,181.0,86,0.97355,0.991799,1.078036
3.9,0.05,50,477.0,33,0.98339,0.996553,1.031754
3.9,0.1,200,181.0,86,1.005341,1.014075,1.029824
4.0,0.005,50,50.0,294,0.910743,,1.227881
4.0,0.01,50,100.0,152,0.957005,0.989988,1.120803
4.0,0.02,50,181.0,86,0.970364,0.989682,1.078036
4.0,0.05,50,477.0,33,0.98339,0.995615,1.031754
4.0,0.1,200,181.0,86,1.005341,1.014075,1.029824
4.1,0.005,50,50.0,294,0.909022,,1.227881
4.1,0.01,50,100.0,152,0.957005,0.988024,1.120803
4.1,0.02,50,181.0,85,0.976055,0.99442,1.07175
4.1,0.05,50,477.0,33,0.98339,0.995615,1.031754
4.1,0.1,200,165.0,94,1.005341,1.012012,1.02773
4.2,0.005,50,50.0,293,0.908846,,1.225791
4.2,0.01,50,100.0,152,0.955225,0.9854,1.120803
4.2,0.02,50,181.0,85,0.976055,0.993352,1.07175
4.2,0.05,50,477.0,33,0.98339,0.995615,1.031754
4.2,0.1,200,165.0,94,1.005341,1.012012,1.02773
4.3,0.005,50,50.0,293,0.907982,,1.225791
4.3,0.01,50,100.0,152,0.955225,0.982768,1.120803
4.3,0.02,50,181.0,85,0.976055,0.991214,1.07175
4.3,0.05,50,477.0,33,0.98339,0.995615,1.031754
4.3,0.1,200,158.0,98,1.005341,1.011045,1.026747
4.4,0.005,50,50.0,292,0.907801,,1.223698
4.4,0.01,50,100.0,152,0.953441,0.98079,1.120803
4.4,0.02,50,181.0,85,0.976055,0.990143,1.07175
4.4,0.05,50,477.0,33,0.98339,0.993005,1.031754
4.4,0.1,200,173.0,89,1.005341,1.008442,1.024104
4.5,0.005,50,50.0,291,0.907619,,1.2216
4.5,0.01,50,100.0,152,0.953441,0.978808,1.120803
4.5,0.02,50,181.0,85,0.976055,0.989071,1.07175
4.5,0.05,50,477.0,33,0.98339,0.993005,1.031754
4.5,0.1,200,173.0,89,1.005341,1.008442,1.024104
4.6,0.005,50,50.0,291,0.905876,,1.2216
4.6,0.01,50,100.0,152,0.951654,0.976159,1.120803
4.6,0.02,50,181.0,85,0.976055,0.986923,1.07175
4.6,0.05,50,477.0,33,0.98339,0.993005,1.031754
4.6,0.1,200,173.0,89,1.005341,1.008442,1.024104
4.7,0.005,50,50.0,290,0.906561,,1.2195
4.7,0.01,50,100.0,151,0.9548,0.977388,1.11711
4.7,0.02,50,181.0,85,0.972839,0.985847,1.07175
4.7,0.05,50,477.0,33,0.98339,0.993005,1.031754
4.7,0.1,200,173.0,89,1.005341,1.008442,1.024104
4.8,0.005,50,50.0,290,0.90481,,1.2195
4.8,0.01,50,100.0,151,0.9548,0.974718,1.11711
4.8,0.02,50,181.0,85,0.972839,0.98477,1.07175
4.8,0.05,50,477.0,33,0.98339,0.990389,1.031754
4.8,0.1,200,173.0,89,1.005341,1.008442,1.024104
4.9,0.005,50,50.0,289,0.904615,,1.217395
4.9,0.01,50,100.0,151,0.953003,0.97271,1.11711
4.9,0.02,50,181.0,85,0.972839,0.982613,1.07175
4.9,0.05,50,477.0,33,0.98339,0.990389,1.031754
4.9,0.1,200,173.0,89,1.005341,1.008442,1.024104
5.0,0.005,50,50.0,289,0.903735,,1.217395
5.0,0.01,50,100.0,151,0.953003,0.970698,1.11711
5.0,0.02,50,181.0,85,0.972839,0.981533,1.07175
5.0,0.05,50,477.0,33,0.98339,0.990389,1.031754
5.0,0.1,200,173.0,89,1.005341,1.008442,1.024104
5.1,0.005,50,50.0,288,0.903536,,1.215287
5.1,0.01,50,100.0,151,0.951203,0.968009,1.11711
5.1,0.02,50,181.0,85,0.972839,0.980451,1.07175
5.1,0.05,50,477.0,33,0.98339,0.990389,1.031754
5.1,0.1,200,173.0,89,1.005341,1.008442,1.024104
5.2,0.005,50,50.0,288,0.901766,,1.215287
5.2,0.01,50,100.0,151,0.951203,0.965988,1.11711
5.2,0.02,50,181.0,85,0.972839,0.978285,1.07175
5.2,0.05,50,435.0,36,0.988003,0.992398,1.026937
5.2,0.1,200,173.0,89,1.005161,1.008442,1.024104
5.3,0.005,50,50.0,287,0.902448,,1.213176
5.3,0.01,50,100.0,151,0.9494,0.963962,1.11711
5.3,0.02,50,181.0,85,0.972839,0.977199,1.07175
5.3,0.05,50,435.0,36,0.988003,0.992398,1.026937
5.3,0.1,200,173.0,89,1.005161,1.008442,1.024104
5.4,0.005,50,50.0,287,0.90067,,1.213176
5.4,0.01,50,100.0,150,0.95256,0.965133,1.113404
5.4,0.02,50,181.0,85,0.969612,0.976113,1.07175
5.4,0.05,50,435.0,36,0.988003,0.992398,1.026937
5.4,0.1,200,173.0,89,1.005161,1.008442,1.024104
5.5,0.005,50,50.0,286,0.901351,,1.21106
5.5,0.01,50,100.0,150,0.950747,0.963092,1.113404
5.5,0.02,50,181.0,85,0.969612,0.975025,1.07175
5.5,0.05,50,435.0,36,0.988003,0.992398,1.026937
5.5,0.1,200,173.0,89,1.005161,1.008442,1.024104
5.6,0.005,50,50.0,286,0.899565,,1.21106
5.6,0.01,50,100.0,150,0.950747,0.960363,1.113404
5.6,0.02,50,181.0,85,0.969612,0.972847,1.07175
5.6,0.05,50,435.0,36,0.988003,0.992398,1.026937
5.6,0.1,200,173.0,89,1.005161,1.008442,1.024104
5.7,0.005,50,50.0,285,0.899348,,1.208941
5.7,0.01,50,100.0,150,0.950747,0.958312,1.113404
5.7,0.02,50,181.0,85,0.969612,0.971755,1.07175
5.7,0.05,50,435.0,36,0.988003,0.989755,1.026937
5.7,0.1,200,173.0,89,1.005161,1.008442,1.024104
5.8,0.005,50,50.0,285,0.89845,,1.208941
5.8,0.01,50,100.0,150,0.948931,0.956256,1.113404
5.8,0.02,50,181.0,85,0.969612,0.970663,1.07175
5.8,0.05,50,435.0,36,0.988003,0.989755,1.026937
5.8,0.1,200,181.0,85,1.005161,1.008161,1.023819
5.9,0.005,50,50.0,284,0.898229,,1.206818
5.9,0.01,50,100.0,150,0.948931,0.954196,1.113404
5.9,0.02,50,181.0,85,0.969612,0.969569,1.07175
5.9,0.05,50,435.0,36,0.988003,0.989755,1.026937
5.9,0.1,200,181.0,85,1.005161,1.008161,1.023819
6.0,0.005,50,50.0,284,0.897326,,1.206818
6.0,0.01,50,100.0,150,0.947111,0.952132,1.113404
6.0,0.02,50,181.0,85,0.969612,0.967378,1.07175
6.0,0.05,50,435.0,36,0.988003,0.989755,1.026937
6.0,0.1,200,181.0,85,1.005161,1.008161,1.023819
6.1,0.005,50,50.0,283,0.8971,,1.204692
6.1,0.01,50,100.0,149,0.950284,0.953245,1.109687
6.1,0.02,50,181.0,85,0.966375,0.966281,1.07175
6.1,0.05,50,435.0,36,0.988003,0.987105,1.026937
6.1,0.1,200,181.0,85,1.005161,1.008161,1.023819
6.2,0.005,50,50.0,283,0.896193,,1.204692
6.2,0.01,50,100.0,149,0.948455,0.951165,1.109687
6.2,0.02,50,181.0,84,0.97211,0.97091,1.065427
6.2,0.05,50,435.0,36,0.988003,0.987105,1.026937
6.2,0.1,100,523.0,30,1.005161,1.00328,1.020772
6.3,0.005,50,50.0,282,0.895961,,1.202561
6.3,0.01,50,100.0,149,0.948455,0.94908,1.109687
6.3,0.02,50,181.0,84,0.97211,0.969804,1.065427
6.3,0.05,50,435.0,36,0.988003,0.987105,1.026937
6.3,0.1,100,523.0,30,1.005161,1.00328,1.020772
6.4,0.005,50,50.0,282,0.89505,,1.202561
6.4,0.01,50,100.0,149,0.948455,0.94699,1.109687
6.4,0.02,50,181.0,84,0.97211,0.968696,1.065427
6.4,0.05,50,435.0,36,0.988003,0.987105,1.026937
6.4,0.1,100,523.0,30,1.005161,1.00328,1.020772
6.5,0.005,50,50.0,281,0.894814,,1.200427
6.5,0.01,50,100.0,149,0.946622,0.945594,1.109687
6.5,0.02,50,181.0,84,0.97211,0.966477,1.065427
6.5,0.05,50,435.0,36,0.988003,0.987105,1.026937
6.5,0.1,100,523.0,30,1.005161,1.00328,1.020772
6.6,0.005,50,50.0,281,0.893898,,1.200427
6.6,0.01,50,100.0,149,0.946622,0.943497,1.109687
6.6,0.02,50,181.0,84,0.97211,0.965365,1.065427
6.6,0.05,50,435.0,36,0.988003,0.984448,1.026937
6.6,0.1,100,523.0,30,1.005161,1.002761,1.020772
6.7,0.005,50,50.0,280,0.893656,,1.198289
6.7,0.01,50,100.0,149,0.944786,0.941395,1.109687
6.7,0.02,50,181.0,84,0.97211,0.964252,1.065427
6.7,0.05,50,435.0,36,0.980111,0.984448,1.026937
6.7,0.1,100,523.0,30,1.005161,1.002761,1.020772
6.8,0.005,50,50.0,280,0.892736,,1.198289
6.8,0.01,50,100.0,148,0.947972,0.942456,1.105957
6.8,0.02,50,181.0,84,0.968842,0.963138,1.065427
6.8,0.05,50,435.0,36,0.980111,0.984448,1.026937
6.8,0.1,100,523.0,30,1.005161,1.002761,1.020772
6.9,0.005,50,50.0,279,0.892489,,1.196148
6.9,0.01,50,100.0,148,0.947972,0.940337,1.105957
6.9,0.02,50,181.0,84,0.968842,0.962023,1.065427
6.9,0.05,50,435.0,36,0.980111,0.984448,1.026937
6.9,0.1,100,523.0,30,1.005161,1.002761,1.020772
7.0,0.005,50,50.0,279,0.891564,,1.196148
7.0,0.01,50,100.0,148,0.946126,0.938214,1.105957
7.0,0.02,50,181.0,84,0.968842,0.960906,1.065427
7.0,0.05,50,455.0,34,0.985079,0.989438,1.021758
7.0,0.1,100,523.0,30,1.005161,1.002761,1.020772
7.1,0.005,50,50.0,278,0.891312,,1.194002
7.1,0.01,50,100.0,148,0.946126,0.936795,1.105957
7.1,0.02,50,181.0,84,0.968842,0.958669,1.065427
7.1,0.05,50,455.0,34,0.985079,0.986761,1.021758
7.1,0.1,100,523.0,30,1.005161,1.002761,1.020772
7.2,0.005,50,50.0,278,0.890383,,1.194002
7.2,0.01,50,100.0,148,0.944276,0.934664,1.105957
7.2,0.02,50,181.0,84,0.968842,0.957548,1.065427
7.2,0.05,50,455.0,34,0.985079,0.986761,1.021758
7.2,0.1,100,523.0,30,1.005161,1.002761,1.020772
7.3,0.005,50,50.0,277,0.890124,,1.191853
7.3,0.01,50,100.0,148,0.944276,0.932527,1.105957
7.3,0.02,50,181.0,84,0.968842,0.956426,1.065427
7.3,0.05,50,455.0,34,0.985079,0.986761,1.021758
7.3,0.1,100,523.0,30,1.005161,1.002761,1.020772
7.4,0.005,50,50.0,277,0.889191,,1.191853
7.4,0.01,50,100.0,148,0.942423,0.9311,1.105957
7.4,0.02,50,181.0,84,0.968842,0.955303,1.065427
7.4,0.05,50,455.0,34,0.985079,0.986761,1.021758
7.4,0.1,100,600.0,26,1.004518,1.00307,1.019804
7.5,0.005,50,50.0,276,0.888927,,1.189699
7.5,0.01,50,100.0,148,0.942423,0.928956,1.105957
7.5,0.02,50,181.0,84,0.968842,0.954179,1.065427
7.5,0.05,50,455.0,34,0.985079,0.984076,1.021758
7.5,0.1,100,600.0,26,1.004518,1.00307,1.019804
7.6,0.005,50,50.0,276,0.887989,,1.189699
7.6,0.01,50,100.0,147,0.945623,0.929953,1.102214
7.6,0.02,50,181.0,84,0.965564,0.953053,1.065427
7.6,0.05,50,455.0,34,0.985079,0.984076,1.021758
7.6,0.1,100,600.0,26,1.004518,1.00307,1.019804
7.7,0.005,50,50.0,275,0.888661,,1.187542
7.7,0.01,50,100.0,147,0.94376,0.928513,1.102214
7.7,0.02,50,181.0,84,0.965564,0.951925,1.065427
7.7,0.05,50,455.0,34,0.985079,0.984076,1.021758
7.7,0.1,100,600.0,26,1.004518,1.00307,1.019804
7.8,0.005,50,50.0,275,0.886776,,1.187542
7.8,0.01,50,100.0,147,0.94376,0.926347,1.102214
7.8,0.02,50,181.0,84,0.965564,0.949667,1.065427
7.8,0.05,50,455.0,34,0.985079,0.984076,1.021758
7.8,0.1,100,600.0,26,1.004518,1.002523,1.019804
7.9,0.005,50,50.0,274,0.887447,,1.185381
7.9,0.01,50,100.0,147,0.941893,0.924177,1.102214
7.9,0.02,50,181.0,84,0.965564,0.948536,1.065427
7.9,0.05,50,455.0,34,0.985079,0.984076,1.021758
7.9,0.1,100,600.0,26,1.004518,1.002523,1.019804
8.0,0.005,50,50.0,274,0.885553,,1.185381
8.0,0.01,50,100.0,147,0.941893,0.922728,1.102214
8.0,0.02,50,181.0,84,0.965564,0.947403,1.065427
8.0,0.05,50,455.0,34,0.985079,0.981383,1.021758
8.0,0.1,100,600.0,26,1.004518,1.002523,1.019804
8.1,0.005,50,50.0,273,0.886223,,1.183216
8.1,0.01,50,100.0,147,0.941893,0.920549,1.102214
8.1,0.02,50,181.0,84,0.965564,0.946269,1.065427
8.1,0.05,50,455.0,34,0.985079,0.981383,1.021758
8.1,0.1,100,600.0,26,1.004518,1.002523,1.019804
8.2,0.005,50,50.0,273,0.885272,,1.183216
8.2,0.01,50,100.0,147,0.940022,0.919093,1.102214
8.2,0.02,50,181.0,84,0.965564,0.945134,1.065427
8.2,0.05,50,455.0,34,0.985079,0.981383,1.021758
8.2,0.1,100,600.0,26,1.004518,1.002523,1.019804
8.3,0.005,50,50.0,272,0.884988,,1.181047
8.3,0.01,50,100.0,146,0.943236,0.920041,1.098459
8.3,0.02,50,181.0,84,0.962274,0.943997,1.065427
8.3,0.05,50,455.0,34,0.985079,0.981383,1.021758
8.3,0.1,100,600.0,26,1.004518,1.002523,1.019804
8.4,0.005,50,50.0,272,0.884032,,1.181047
8.4,0.01,50,100.0,146,0.941355,0.918574,1.098459
8.4,0.02,50,181.0,84,0.962274,0.942859,1.065427
8.4,0.05,50,455.0,34,0.985079,0.981383,1.021758
8.4,0.1,100,600.0,26,1.004518,1.002523,1.019804
8.5,0.005,50,50.0,271,0.884702,,1.178874
8.5,0.01,50,100.0,146,0.941355,0.916371,1.098459
8.5,0.02,50,181.0,83,0.968053,0.947376,1.059066
8.5,0.05,50,455.0,34,0.985079,0.978683,1.021758
8.5,0.1,100,600.0,26,1.004518,0.997355,1.019804
8.6,0.005,50,50.0,271,0.882781,,1.178874
8.6,0.01,50,100.0,146,0.941355,0.914899,1.098459
8.6,0.02,50,181.0,83,0.968053,0.946228,1.059066
8.6,0.05,50,455.0,34,0.985079,0.978683,1.021758
8.6,0.1,100,600.0,26,1.004518,0.997355,1.019804
8.7,0.005,50,50.0,271,0.881819,,1.178874
8.7,0.01,50,100.0,146,0.939471,0.913424,1.098459
8.7,0.02,50,181.0,83,0.968053,0.945079,1.059066
8.7,0.05,50,455.0,34,0.985079,0.978683,1.021758
8.7,0.1,100,600.0,26,1.004518,0.997355,1.019804
8.8,0.005,50,50.0,270,0.882485,,1.176697
8.8,0.01,50,100.0,146,0.939471,0.911208,1.098459
8.8,0.02,50,181.0,83,0.968053,0.943929,1.059066
8.8,0.05,50,455.0,34,0.985079,0.978683,1.021758
8.8,0.1,100,600.0,26,1.004518,0.997355,1.019804
8.9,0.005,50,50.0,270,0.880552,,1.176697
8.9,0.01,50,100.0,146,0.937582,0.909728,1.098459
8.9,0.02,50,181.0,83,0.968053,0.942777,1.059066
8.9,0.05,50,455.0,34,0.985079,0.978683,1.021758
8.9,0.1,100,600.0,26,1.004518,0.997355,1.019804
9.0,0.005,50,50.0,269,0.881218,,1.174516
9.0,0.01,50,100.0,145,0.94081,0.910626,1.09469
9.0,0.02,50,181.0,83,0.964733,0.940469,1.059066
9.0,0.05,50,455.0,34,0.985079,0.975976,1.021758
9.0,0.1,100,600.0,26,1.004518,0.997355,1.019804
9.1,0.005,50,50.0,269,0.880246,,1.174516
9.1,0.01,50,100.0,145,0.94081,0.909135,1.09469
9.1,0.02,50,181.0,83,0.964733,0.939313,1.059066
9.1,0.05,50,455.0,34,0.985079,0.975976,1.021758
9.1,0.1,100,600.0,26,1.004518,0.997355,1.019804
9.2,0.005,50,50.0,268,0.879938,,1.172331
9.2,0.01,50,100.0,145,0.938911,0.907641,1.09469
9.2,0.02,50,181.0,83,0.964733,0.938156,1.059066
9.2,0.05,50,455.0,34,0.985079,0.975976,1.021758
9.2,0.1,100,600.0,26,1.004518,0.997355,1.019804
9.3,0.005,50,50.0,268,0.878962,,1.172331
9.3,0.01,50,100.0,145,0.938911,0.905395,1.09469
9.3,0.02,50,181.0,83,0.964733,0.936997,1.059066
9.3,0.05,50,455.0,34,0.985079,0.975976,1.021758
9.3,0.1,100,600.0,26,1.004518,0.997355,1.019804
9.4,0.005,50,50.0,267,0.879628,,1.170141
9.4,0.01,50,100.0,145,0.938911,0.903895,1.09469
9.4,0.02,50,181.0,83,0.964733,0.935836,1.059066
9.4,0.05,50,455.0,34,0.985079,0.973261,1.021758
9.4,0.1,100,600.0,26,1.004518,0.997355,1.019804
9.5,0.005,50,50.0,267,0.878648,,1.170141
9.5,0.01,50,100.0,145,0.937008,0.902392,1.09469
9.5,0.02,50,181.0,83,0.964733,0.934674,1.059066
9.5,0.05,50,455.0,34,0.985079,0.973261,1.021758
9.5,0.1,100,600.0,26,1.004518,0.997355,1.019804
9.6,0.005,50,50.0,266,0.87833,,1.167948
9.6,0.01,50,100.0,145,0.937008,0.900887,1.09469
9.6,0.02,50,181.0,83,0.964733,0.933511,1.059066
9.6,0.05,50,455.0,34,0.98497,0.973261,1.021758
9.6,0.1,100,600.0,26,1.004518,0.997355,1.019804
9.7,0.005,50,50.0,266,0.877345,,1.167948
9.7,0.01,50,100.0,145,0.935102,0.898624,1.09469
9.7,0.02,50,181.0,83,0.964733,0.932346,1.059066
9.7,0.05,50,455.0,34,0.98497,0.973261,1.021758
9.7,0.1,100,600.0,26,1.004518,0.997355,1.019804
9.8,0.005,50,50.0,266,0.876359,,1.167948
9.8,0.01,50,100.0,144,0.938343,0.900222,1.090909
9.8,0.02,50,181.0,83,0.9614,0.93118,1.059066
9.8,0.05,50,455.0,34,0.98497,0.973261,1.021758
9.8,0.1,100,600.0,26,1.004518,0.997355,1.019804
9.9,0.005,50,50.0,265,0.877022,,1.165751
9.9,0.01,50,100.0,144,0.938343,0.898703,1.090909
9.9,0.02,50,181.0,83,0.9614,0.930013,1.059066
9.9,0.05,50,455.0,34,0.98497,0.970539,1.021758
9.9,0.1,100,600.0,26,1.004518,0.996538,1.019804
10.0,0.005,50,50.0,265,0.87504,,1.165751
10.0,0.01,50,100.0,144,0.936426,0.897181,1.090909
10.0,0.02,50,181.0,83,0.9614,0.928844,1.059066
10.0,0.05,50,455.0,34,0.98497,0.970539,1.021758
10.0,0.1,100,600.0,26,1.004518,0.996538,1.019804
10.1,0.005,50,50.0,264,0.875701,,1.163549
10.1,0.01,50,100.0,144,0.936426,0.895656,1.090909
10.1,0.02,50,181.0,83,0.9614,0.927673,1.059066
10.1,0.05,50,455.0,34,0.98497,0.970539,1.021758
10.1,0.1,100,600.0,26,1.004518,0.996538,1.019804
10.2,0.005,50,50.0,264,0.874705,,1.163549
10.2,0.01,50,100.0,144,0.936426,0.893365,1.090909
10.2,0.02,50,181.0,83,0.9614,0.926501,1.059066
10.2,0.05,50,455.0,34,0.98497,0.970539,1.021758
10.2,0.1,100,600.0,26,1.004518,0.996538,1.019804
10.3,0.005,50,50.0,263,0.875368,,1.161343
10.3,0.01,50,100.0,144,0.934505,0.891834,1.090909
10.3,0.02,50,181.0,83,0.9614,0.925327,1.059066
10.3,0.05,50,455.0,34,0.98497,0.970539,1.021758
10.3,0.1,100,600.0,26,1.004518,0.996538,1.019804
10.4,0.005,50,50.0,263,0.874368,,1.161343
10.4,0.01,50,100.0,144,0.934505,0.8903,1.090909
10.4,0.02,50,181.0,83,0.9614,0.924152,1.059066
10.4,0.05,50,455.0,34,0.98497,0.967809,1.021758
10.4,0.1,100,600.0,26,1.004518,0.996538,1.019804
10.5,0.005,50,50.0,262,0.874028,,1.159133
10.5,0.01,50,100.0,143,0.935836,0.891866,1.087115
10.5,0.02,50,181.0,83,0.958056,0.922976,1.059066
10.5,0.05,50,455.0,34,0.98497,0.967809,1.021758
10.5,0.1,100,600.0,26,1.004518,0.996538,1.019804
10.6,0.005,50,50.0,262,0.873023,,1.159133
10.6,0.01,50,100.0,143,0.935836,0.890321,1.087115
10.6,0.02,50,181.0,83,0.958056,0.921798,1.059066
10.6,0.05,50,455.0,34,0.98497,0.967809,1.021758
10.6,0.1,100,600.0,26,1.004518,0.996538,1.019804
10.7,0.005,50,50.0,262,0.872016,,1.159133
10.7,0.01,50,100.0,143,0.935836,0.888774,1.087115
10.7,0.02,50,181.0,82,0.96388,0.926215,1.052667
10.7,0.05,50,455.0,34,0.98497,0.967809,1.021758
10.7,0.1,100,600.0,26,1.004518,0.991606,1.019804
10.8,0.005,50,50.0,261,0.872676,,1.156919
10.8,0.01,50,100.0,143,0.9339,0.887225,1.087115
10.8,0.02,50,181.0,82,0.96388,0.925027,1.052667
10.8,0.05,50,455.0,34,0.98497,0.967809,1.021758
10.8,0.1,100,600.0,26,1.004518,0.991606,1.019804
10.9,0.005,50,50.0,261,0.871665,,1.156919
10.9,0.01,50,100.0,143,0.9339,0.885672,1.087115
10.9,0.02,50,181.0,82,0.96388,0.925027,1.052667
10.9,0.05,50,455.0,34,0.977353,0.965071,1.021758
10.9,0.1,100,600.0,26,1.004518,0.991606,1.019804
11.0,0.005,50,50.0,260,0.872326,,1.154701
11.0,0.01,50,100.0,143,0.9339,0.884117,1.087115
11.0,0.02,50,181.0,82,0.96388,0.923837,1.052667
11.0,0.05,50,455.0,34,0.977353,0.965071,1.021758
11.0,0.1,100,600.0,26,1.004518,0.991606,1.019804
11.1,0.005,50,50.0,260,0.870295,,1.154701
11.1,0.01,50,100.0,143,0.931961,0.882559,1.087115
11.1,0.02,50,181.0,82,0.96388,0.922646,1.052667
11.1,0.05,50,455.0,34,0.977353,0.965071,1.021758
11.1,0.1,100,600.0,26,1.004518,0.991606,1.019804
11.2,0.005,50,50.0,259,0.870954,,1.152478
11.2,0.01,50,100.0,143,0.931961,0.880998,1.087115
11.2,0.02,50,181.0,82,0.96388,0.921453,1.052667
11.2,0.05,50,455.0,34,0.977353,0.965071,1.021758
11.2,0.1,100,600.0,26,1.004518,0.991606,1.019804
11.3,0.005,50,50.0,259,0.869934,,1.152478
11.3,0.01,50,100.0,142,0.933286,0.882526,1.083307
11.3,0.02,50,181.0,82,0.960504,0.920258,1.052667
11.3,0.05,50,455.0,34,0.977353,0.965071,1.021758
11.3,0.1,100,600.0,26,1.004518,0.991606,1.019804
11.4,0.005,50,50.0,259,0.868912,,1.152478
11.4,0.01,50,100.0,142,0.933286,0.880954,1.083307
11.4,0.02,50,181.0,82,0.960504,0.919063,1.052667
11.4,0.05,50,455.0,34,0.977353,0.96236,1.021758
11.4,0.1,100,600.0,26,1.004518,0.991606,1.019804
11.5,0.005,50,50.0,258,0.86957,,1.150251
11.5,0.01,50,100.0,142,0.933286,0.87938,1.083307
11.5,0.02,50,181.0,82,0.960504,0.917865,1.052667
11.5,0.05,50,455.0,34,0.977353,0.962325,1.021758
11.5,0.1,100,600.0,26,1.004518,0.991606,1.019804
11.6,0.005,50,50.0,258,0.868544,,1.150251
11.6,0.01,50,100.0,142,0.931331,0.877802,1.083307
11.6,0.02,50,181.0,82,0.960504,0.916666,1.052667
11.6,0.05,50,455.0,34,0.977353,0.962325,1.021758
11.6,0.1,100,600.0,26,1.004518,0.991606,1.019804
11.7,0.005,50,50.0,257,0.869203,,1.148019
11.7,0.01,50,100.0,142,0.931331,0.876222,1.083307
11.7,0.02,50,181.0,82,0.960504,0.915465,1.052667
11.7,0.05,50,455.0,34,0.977353,0.962325,1.021758
11.7,0.1,100,600.0,26,1.004518,0.991606,1.019804
11.8,0.005,50,50.0,257,0.86714,,1.148019
11.8,0.01,50,100.0,142,0.931331,0.874639,1.083307
11.8,0.02,50,181.0,82,0.960504,0.914263,1.052667
11.8,0.05,50,455.0,34,0.977353,0.962325,1.021758
11.8,0.1,100,600.0,26,1.004518,0.991606,1.019804
11.9,0.005,50,50.0,257,0.866107,,1.148019
11.9,0.01,50,100.0,142,0.929373,0.873053,1.083307
11.9,0.02,50,181.0,82,0.960504,0.913059,1.052667
11.9,0.05,50,455.0,34,0.977353,0.962325,1.021758
11.9,0.1,100,600.0,26,1.004518,0.991606,1.019804
12.0,0.005,50,50.0,256,0.866761,,1.145784
12.0,0.01,50,100.0,142,0.929373,0.871464,1.083307
12.0,0.02,50,181.0,82,0.960504,0.911854,1.052667
12.0,0.05,50,455.0,34,0.977353,0.959572,1.021758
12.0,0.1,100,573.0,27,1.004724,0.996552,1.014952
12.1,0.005,50,50.0,256,0.865724,,1.145784
12.1,0.01,50,100.0,141,0.932663,0.872952,1.079486
12.1,0.02,50,181.0,82,0.957116,0.910647,1.052667
12.1,0.05,50,455.0,34,0.977353,0.959572,1.021758
12.1,0.1,100,573.0,27,1.004724,0.995457,1.014952
12.2,0.005,50,50.0,255,0.866379,,1.143544
12.2,0.01,50,100.0,141,0.930693,0.871352,1.079486
12.2,0.02,50,181.0,82,0.957116,0.910647,1.052667
12.2,0.05,50,455.0,34,0.977353,0.959572,1.021758
12.2,0.1,100,573.0,27,1.004724,0.995457,1.014952
12.3,0.005,50,50.0,255,0.865337,,1.143544
12.3,0.01,50,100.0,141,0.930693,0.87055,1.079486
12.3,0.02,50,181.0,82,0.957116,0.909439,1.052667
12.3,0.05,50,455.0,34,0.977353,0.959572,1.021758
12.3,0.1,100,573.0,27,1.004724,0.995457,1.014952
12.4,0.005,50,50.0,254,0.865994,,1.141299
12.4,0.01,50,100.0,141,0.930693,0.868946,1.079486
12.4,0.02,50,181.0,82,0.957116,0.908228,1.052667
12.4,0.05,50,455.0,34,0.977353,0.959572,1.021758
12.4,0.1,100,573.0,27,1.004724,0.995457,1.014952
12.5,0.005,50,50.0,254,0.864947,,1.141299
12.5,0.01,50,100.0,141,0.928719,0.867338,1.079486
12.5,0.02,50,181.0,82,0.957116,0.907017,1.052667
12.5,0.05,50,455.0,34,0.977353,0.956811,1.021758
12.5,0.1,100,573.0,27,1.004724,0.995457,1.014952
12.6,0.005,50,50.0,254,0.863899,,1.141299
12.6,0.01,50,100.0,141,0.928719,0.865727,1.079486
12.6,0.02,50,181.0,82,0.957116,0.905803,1.052667
12.6,0.05,50,455.0,34,0.977353,0.956811,1.021758
12.6,0.1,100,573.0,27,1.004724,0.995457,1.014952
12.7,0.005,50,50.0,253,0.864554,,1.13905
12.7,0.01,50,100.0,141,0.928719,0.864114,1.079486
12.7,0.02,50,181.0,82,0.957116,0.904588,1.052667
12.7,0.05,50,455.0,34,0.977353,0.956811,1.021758
12.7,0.1,100,573.0,27,1.004724,0.995457,1.014952
12.8,0.005,50,50.0,253,0.863501,,1.13905
12.8,0.01,50,100.0,141,0.926741,0.862497,1.079486
12.8,0.02,50,181.0,82,0.957116,0.903372,1.052667
12.8,0.05,50,455.0,34,0.977353,0.956811,1.021758
12.8,0.1,100,573.0,27,1.004724,0.995457,1.014952
12.9,0.005,50,50.0,252,0.864157,,1.136797
12.9,0.01,50,100.0,140,0.930045,0.86476,1.075651
12.9,0.02,50,181.0,82,0.953716,0.902153,1.052667
12.9,0.05,50,455.0,34,0.977353,0.956811,1.021758
12.9,0.1,100,573.0,27,1.004724,0.995457,1.014952
13.0,0.005,50,50.0,252,0.862042,,1.136797
13.0,0.01,50,100.0,140,0.928055,0.863133,1.075651
13.0,0.02,50,181.0,82,0.953716,0.902153,1.052667
13.0,0.05,50,477.0,32,0.982891,0.959447,1.016001
13.0,0.1,100,573.0,27,1.004724,0.995457,1.014952
13.1,0.005,50,50.0,252,0.860982,,1.136797
13.1,0.01,50,100.0,140,0.928055,0.861502,1.075651
13.1,0.02,50,181.0,81,0.959585,0.906478,1.046229
13.1,0.05,50,477.0,32,0.982891,0.959447,1.016001
13.1,0.1,100,573.0,27,1.004724,0.990741,1.014952
13.2,0.005,50,50.0,251,0.861632,,1.134539
13.2,0.01,50,100.0,140,0.928055,0.859869,1.075651
13.2,0.02,50,181.0,81,0.959585,0.905248,1.046229
13.2,0.05,50,477.0,32,0.982891,0.959447,1.016001
13.2,0.1,100,573.0,27,1.004724,0.990741,1.014952
13.3,0.005,50,50.0,251,0.860568,,1.134539
13.3,0.01,50,100.0,140,0.926062,0.859052,1.075651
13.3,0.02,50,181.0,81,0.959585,0.904018,1.046229
13.3,0.05,50,477.0,32,0.982891,0.959447,1.016001
13.3,0.1,100,573.0,27,1.004724,0.990741,1.014952
13.4,0.005,50,50.0,250,0.86122,,1.132277
13.4,0.01,50,100.0,140,0.926062,0.857414,1.075651
13.4,0.02,50,181.0,81,0.959585,0.902785,1.046229
13.4,0.05,50,477.0,32,0.982891,0.959447,1.016001
13.4,0.1,100,573.0,27,1.004724,0.990741,1.014952
13.5,0.005,50,50.0,250,0.86015,,1.132277
13.5,0.01,50,100.0,140,0.926062,0.855773,1.075651
13.5,0.02,50,181.0,81,0.959585,0.901551,1.046229
13.5,0.05,50,477.0,32,0.982891,0.959447,1.016001
13.5,0.1,100,573.0,27,1.004724,0.990741,1.014952
13.6,0.005,50,50.0,250,0.85908,,1.132277
13.6,0.01,50,100.0,140,0.924064,0.854129,1.075651
13.6,0.02,50,181.0,81,0.959585,0.900315,1.046229
13.6,0.05,50,477.0,32,0.982398,0.956654,1.016001
13.6,0.1,100,573.0,27,1.004724,0.990741,1.014952
13.7,0.005,50,50.0,249,0.859729,,1.13001
13.7,0.01,50,100.0,139,0.927382,0.856369,1.071802
13.7,0.02,50,181.0,81,0.956152,0.900315,1.046229
13.7,0.05,50,477.0,32,0.982398,0.956654,1.016001
13.7,0.1,100,573.0,27,1.004724,0.990741,1.014952
13.8,0.005,50,50.0,249,0.858654,,1.13001
13.8,0.01,50,100.0,139,0.927382,0.854714,1.071802
13.8,0.02,50,181.0,81,0.956152,0.899078,1.046229
13.8,0.05,50,477.0,32,0.982398,0.956654,1.016001
13.8,0.1,100,573.0,27,1.004724,0.990741,1.014952
13.9,0.005,50,50.0,248,0.859304,,1.127739
13.9,0.01,50,100.0,139,0.925372,0.853056,1.071802
13.9,0.02,50,181.0,81,0.956152,0.897838,1.046229
13.9,0.05,50,477.0,32,0.982398,0.956654,1.016001
13.9,0.1,100,573.0,27,1.004724,0.990741,1.014952
14.0,0.005,50,50.0,248,0.858224,,1.127739
14.0,0.01,50,100.0,139,0.925372,0.852226,1.071802
14.0,0.02,50,181.0,81,0.956152,0.896597,1.046229
14.0,0.05,50,477.0,32,0.982398,0.956654,1.016001
14.0,0.1,100,573.0,27,1.004724,0.990741,1.014952
14.1,0.005,50,50.0,248,0.857143,,1.127739
14.1,0.01,50,100.0,139,0.925372,0.850563,1.071802
14.1,0.02,50,181.0,81,0.956152,0.895355,1.046229
14.1,0.05,50,477.0,32,0.982398,0.953852,1.016001
14.1,0.1,100,573.0,27,1.004724,0.990741,1.014952
14.2,0.005,50,50.0,247,0.857791,,1.125463
14.2,0.01,50,100.0,139,0.923358,0.848897,1.071802
14.2,0.02,50,181.0,81,0.956152,0.89411,1.046229
14.2,0.05,50,477.0,32,0.982398,0.953852,1.016001
14.2,0.1,100,573.0,27,1.004724,0.989368,1.014952
14.3,0.005,50,50.0,247,0.856704,,1.125463
14.3,0.01,50,100.0,139,0.923358,0.848063,1.071802
14.3,0.02,50,181.0,81,0.956152,0.89411,1.046229
14.3,0.05,50,477.0,32,0.982398,0.953852,1.016001
14.3,0.1,100,573.0,27,1.004724,0.989368,1.014952
14.4,0.005,50,50.0,247,0.855616,,1.125463
14.4,0.01,50,100.0,139,0.923358,0.846392,1.071802
14.4,0.02,50,181.0,81,0.956152,0.892864,1.046229
14.4,0.05,50,477.0,32,0.982398,0.953852,1.016001
14.4,0.1,100,573.0,27,1.004724,0.989368,1.014952
14.5,0.005,50,50.0,246,0.856262,,1.123182
14.5,0.01,50,100.0,138,0.924672,0.848613,1.06794
14.5,0.02,50,181.0,81,0.952706,0.891616,1.046229
14.5,0.05,50,477.0,32,0.982398,0.953852,1.016001
14.5,0.1,100,573.0,27,1.004724,0.989368,1.014952
14.6,0.005,50,50.0,246,0.855169,,1.123182
14.6,0.01,50,100.0,138,0.924672,0.846931,1.06794
14.6,0.02,50,181.0,81,0.952706,0.890367,1.046229
14.6,0.05,50,477.0,32,0.982398,0.951043,1.016001
14.6,0.1,100,573.0,27,1.004724,0.989368,1.014952
14.7,0.005,50,50.0,245,0.855816,,1.120897
14.7,0.01,50,100.0,138,0.924672,0.845246,1.06794
14.7,0.02,50,181.0,81,0.952706,0.889115,1.046229
14.7,0.05,50,477.0,32,0.982398,0.951043,1.016001
14.7,0.1,100,573.0,27,1.004724,0.989368,1.014952
14.8,0.005,50,50.0,245,0.854718,,1.120897
14.8,0.01,50,100.0,138,0.922642,0.844402,1.06794
14.8,0.02,50,181.0,81,0.952706,0.889115,1.046229
14.8,0.05,50,477.0,32,0.982398,0.951043,1.016001
14.8,0.1,100,573.0,27,1.004724,0.989368,1.014952
14.9,0.005,50,50.0,245,0.854718,,1.120897
14.9,0.01,50,100.0,138,0.922642,0.842711,1.06794
14.9,0.02,50,181.0,81,0.952706,0.887862,1.046229
14.9,0.05,50,477.0,32,0.982398,0.951043,1.016001
14.9,0.1,100,573.0,27,1.004724,0.989368,1.014952
15.0,0.005,50,50.0,244,0.855367,,1.118607
15.0,0.01,50,100.0,138,0.922642,0.841865,1.06794
15.0,0.02,50,181.0,81,0.952706,0.886607,1.046229
15.0,0.05,50,477.0,32,0.982398,0.951043,1.016001
15.0,0.1,100,573.0,27,1.004724,0.989368,1.014952
15.1,0.005,50,50.0,244,0.854264,,1.118607
15.1,0.01,50,100.0,138,0.920608,0.840169,1.06794
15.1,0.02,50,181.0,81,0.952706,0.88535,1.046229
15.1,0.05,50,477.0,32,0.982398,0.951043,1.016001
15.1,0.1,100,573.0,27,1.004724,0.989368,1.014952
15.2,0.005,50,50.0,244,0.853159,,1.118607
15.2,0.01,50,100.0,138,0.920608,0.83932,1.06794
15.2,0.02,50,181.0,81,0.952706,0.884092,1.046229
15.2,0.05,50,477.0,32,0.975059,0.948225,1.016001
15.2,0.1,100,573.0,27,1.004724,0.989368,1.014952
15.3,0.005,50,50.0,243,0.853805,,1.116313
15.3,0.01,50,100.0,137,0.923962,0.840671,1.064064
15.3,0.02,50,181.0,81,0.949248,0.884092,1.046229
15.3,0.05,50,477.0,32,0.975059,0.948225,1.016001
15.3,0.1,100,573.0,27,1.004724,0.989368,1.014952
15.4,0.005,50,50.0,243,0.852695,,1.116313
15.4,0.01,50,100.0,137,0.921915,0.839816,1.064064
15.4,0.02,50,181.0,81,0.949248,0.882832,1.046229
15.4,0.05,50,477.0,32,0.975059,0.948225,1.016001
15.4,0.1,100,573.0,27,1.004724,0.989368,1.014952
15.5,0.005,50,50.0,242,0.853342,,1.114013
15.5,0.01,50,100.0,137,0.921915,0.838104,1.064064
15.5,0.02,50,181.0,80,0.955162,0.887062,1.03975
15.5,0.05,50,477.0,32,0.975059,0.948225,1.016001
15.5,0.1,100,573.0,27,1.004724,0.984896,1.014952
15.6,0.005,50,50.0,242,0.852227,,1.114013
15.6,0.01,50,100.0,137,0.921915,0.837246,1.064064
15.6,0.02,50,181.0,80,0.955162,0.88579,1.03975
15.6,0.05,50,477.0,32,0.975059,0.948225,1.016001
15.6,0.1,100,573.0,27,1.004724,0.984896,1.014952
15.7,0.005,50,50.0,242,0.851111,,1.114013
15.7,0.01,50,100.0,137,0.921915,0.835529,1.064064
15.7,0.02,50,181.0,80,0.955162,0.88579,1.03975
15.7,0.05,50,477.0,32,0.975059,0.948225,1.016001
15.7,0.1,100,573.0,27,1.004724,0.984896,1.014952
15.8,0.005,50,50.0,241,0.851755,,1.111709
15.8,0.01,50,100.0,137,0.919864,0.834669,1.064064
15.8,0.02,50,181.0,80,0.955162,0.884517,1.03975
15.8,0.05,50,477.0,32,0.975059,0.945399,1.016001
15.8,0.1,100,573.0,27,1.004724,0.984896,1.014952
15.9,0.005,50,50.0,241,0.850633,,1.111709
15.9,0.01,50,100.0,137,0.919864,0.832946,1.064064
15.9,0.02,50,181.0,80,0.955162,0.883241,1.03975
15.9,0.05,50,477.0,32,0.975059,0.945399,1.016001
15.9,0.1,100,573.0,27,1.004724,0.984896,1.014952
16.0,0.005,50,50.0,241,0.84951,,1.111709
16.0,0.01,50,100.0,137,0.919864,0.832083,1.064064
16.0,0.02,50,181.0,80,0.955162,0.881964,1.03975
16.0,0.05,50,477.0,32,0.975059,0.945399,1.016001
16.0,0.1,100,573.0,27,1.004724,0.984896,1.014952
16.1,0.005,50,50.0,240,0.850152,,1.1094
16.1,0.01,50,100.0,137,0.917809,0.830355,1.064064
16.1,0.02,50,181.0,80,0.955162,0.881964,1.03975
16.1,0.05,50,477.0,32,0.975059,0.945399,1.016001
16.1,0.1,100,573.0,27,1.004724,0.984896,1.014952
16.2,0.005,50,50.0,240,0.850152,,1.1094
16.2,0.01,50,100.0,136,0.921177,0.832534,1.060173
16.2,0.02,50,181.0,80,0.95167,0.880685,1.03975
16.2,0.05,50,477.0,32,0.975059,0.945399,1.016001
16.2,0.1,100,573.0,27,1.004724,0.984896,1.014952
16.3,0.005,50,50.0,239,0.850798,,1.107087
16.3,0.01,50,100.0,136,0.921177,0.830794,1.060173
16.3,0.02,50,181.0,80,0.95167,0.879404,1.03975
16.3,0.05,50,477.0,32,0.975059,0.942564,1.016001
16.3,0.1,100,547.0,28,1.004942,0.990727,1.009197
16.4,0.005,50,50.0,239,0.849666,,1.107087
16.4,0.01,50,100.0,136,0.919109,0.829923,1.060173
16.4,0.02,50,181.0,80,0.95167,0.878121,1.03975
16.4,0.05,50,477.0,32,0.975059,0.942564,1.016001
16.4,0.1,100,547.0,28,1.004942,0.990727,1.009197
16.5,0.005,50,50.0,239,0.848532,,1.107087
16.5,0.01,50,100.0,136,0.919109,0.828177,1.060173
16.5,0.02,50,181.0,80,0.95167,0.878121,1.03975
16.5,0.05,50,477.0,32,0.975059,0.942564,1.016001
16.5,0.1,100,547.0,28,1.004942,0.989063,1.009197
16.6,0.005,50,50.0,238,0.849175,,1.104768
16.6,0.01,50,100.0,136,0.919109,0.827303,1.060173
16.6,0.02,50,181.0,80,0.95167,0.876836,1.03975
16.6,0.05,50,477.0,32,0.975059,0.942564,1.016001
16.6,0.1,100,547.0,28,1.004942,0.989063,1.009197
16.7,0.005,50,50.0,238,0.848036,,1.104768
16.7,0.01,50,100.0,136,0.917037,0.826428,1.060173
16.7,0.02,50,181.0,80,0.95167,0.87555,1.03975
16.7,0.05,50,477.0,32,0.975059,0.942564,1.016001
16.7,0.1,100,547.0,28,1.004942,0.989063,1.009197
16.8,0.005,50,50.0,238,0.846895,,1.104768
16.8,0.01,50,100.0,136,0.917037,0.824675,1.060173
16.8,0.02,50,181.0,80,0.95167,0.874261,1.03975
16.8,0.05,50,477.0,32,0.975059,0.942564,1.016001
16.8,0.1,100,547.0,28,1.004942,0.989063,1.009197
16.9,0.005,50,50.0,237,0.847536,,1.102445
16.9,0.01,50,100.0,136,0.917037,0.823798,1.060173
16.9,0.02,50,181.0,80,0.95167,0.874261,1.03975
16.9,0.05,50,477.0,32,0.975059,0.93972,1.016001
16.9,0.1,100,547.0,28,1.004942,0.989063,1.009197
17.0,0.005,50,50.0,237,0.847536,,1.102445
17.0,0.01,50,100.0,135,0.918342,0.825078,1.056268
17.0,0.02,50,181.0,80,0.948165,0.872971,1.03975
17.0,0.05,50,477.0,32,0.975059,0.93972,1.016001
17.0,0.1,100,547.0,28,1.004942,0.989063,1.009197
17.1,0.005,50,50.0,237,0.84639,,1.102445
17.1,0.01,50,100.0,135,0.918342,0.824194,1.056268
17.1,0.02,50,181.0,80,0.948165,0.871678,1.03975
17.1,0.05,50,477.0,32,0.975059,0.93972,1.016001
17.1,0.1,100,547.0,28,1.004942,0.989063,1.009197
17.2,0.005,50,50.0,236,0.847031,,1.100117
17.2,0.01,50,100.0,135,0.918342,0.82331,1.056268
17.2,0.02,50,181.0,80,0.948165,0.871678,1.03975
17.2,0.05,50,477.0,32,0.975059,0.93972,1.016001
17.2,0.1,100,547.0,28,1.004942,0.989063,1.009197
17.3,0.005,50,50.0,236,0.845879,,1.100117
17.3,0.01,50,100.0,135,0.918342,0.821537,1.056268
17.3,0.02,50,181.0,80,0.948165,0.870384,1.03975
17.3,0.05,50,477.0,32,0.975059,0.93972,1.016001
17.3,0.1,100,547.0,28,1.004942,0.989063,1.009197
17.4,0.005,50,50.0,236,0.844726,,1.100117
17.4,0.01,50,100.0,135,0.916252,0.820649,1.056268
17.4,0.02,50,181.0,80,0.948165,0.869088,1.03975
17.4,0.05,50,477.0,32,0.975059,0.93972,1.016001
17.4,0.1,100,547.0,28,1.004942,0.989063,1.009197
17.5,0.005,50,50.0,235,0.845364,,1.097783
17.5,0.01,50,100.0,135,0.916252,0.819761,1.056268
17.5,0.02,50,181.0,80,0.948165,0.86779,1.03975
17.5,0.05,50,477.0,32,0.975059,0.936868,1.016001
17.5,0.1,100,547.0,28,1.004942,0.989063,1.009197
17.6,0.005,50,50.0,235,0.844205,,1.097783
17.6,0.01,50,100.0,135,0.916252,0.817981,1.056268
17.6,0.02,50,181.0,80,0.948165,0.86779,1.03975
17.6,0.05,50,477.0,32,0.975059,0.936868,1.016001
17.6,0.1,100,547.0,28,1.004942,0.989063,1.009197
17.7,0.005,50,50.0,235,0.844205,,1.097783
17.7,0.01,50,100.0,135,0.914158,0.817089,1.056268
17.7,0.02,50,181.0,80,0.948165,0.86649,1.03975
17.7,0.05,50,477.0,32,0.974177,0.936868,1.016001
17.7,0.1,100,547.0,28,1.004942,0.989063,1.009197
17.8,0.005,50,50.0,234,0.844844,,1.095445
17.8,0.01,50,100.0,135,0.914158,0.816197,1.056268
17.8,0.02,50,181.0,80,0.948165,0.865188,1.03975
17.8,0.05,50,477.0,32,0.974177,0.936868,1.016001
17.8,0.1,100,547.0,28,1.004942,0.989063,1.009197
17.9,0.005,50,50.0,234,0.84368,,1.095445
17.9,0.01,50,100.0,134,0.917563,0.817442,1.052349
17.9,0.02,50,181.0,79,0.950607,0.870647,1.033232
17.9,0.05,50,477.0,32,0.974177,0.936868,1.016001
17.9,0.1,100,547.0,28,1.004942,0.984812,1.009197
18.0,0.005,50,50.0,233,0.84432,,1.093102
18.0,0.01,50,100.0,134,0.915456,0.816543,1.052349
18.0,0.02,50,181.0,79,0.950607,0.869334,1.033232
18.0,0.05,50,477.0,32,0.974177,0.936868,1.016001
18.0,0.1,100,547.0,28,1.004942,0.984812,1.009197
18.1,0.005,50,50.0,233,0.84315,,1.093102
18.1,0.01,50,100.0,134,0.915456,0.815643,1.052349
18.1,0.02,50,181.0,79,0.950607,0.86802,1.033232
18.1,0.05,50,477.0,32,0.974177,0.934008,1.016001
18.1,0.1,100,547.0,28,1.004942,0.984812,1.009197
18.2,0.005,50,50.0,233,0.841978,,1.093102
18.2,0.01,50,100.0,134,0.915456,0.813841,1.052349
18.2,0.02,50,181.0,79,0.950607,0.86802,1.033232
18.2,0.05,50,477.0,32,0.974177,0.934008,1.016001
18.2,0.1,100,547.0,28,1.004942,0.984812,1.009197
18.3,0.005,50,50.0,232,0.84379,,1.090754
18.3,0.01,50,100.0,134,0.915456,0.812938,1.052349
18.3,0.02,50,181.0,79,0.950607,0.866704,1.033232
18.3,0.05,50,477.0,32,0.974177,0.934008,1.016001
18.3,0.1,100,547.0,28,1.004942,0.984812,1.009197
18.4,0.005,50,50.0,232,0.842614,,1.090754
18.4,0.01,50,100.0,134,0.913344,0.812034,1.052349
18.4,0.02,50,181.0,79,0.950607,0.865386,1.033232
18.4,0.05,50,477.0,32,0.974177,0.934008,1.016001
18.4,0.1,100,547.0,28,1.004942,0.984812,1.009197
18.5,0.005,50,50.0,232,0.841437,,1.090754
18.5,0.01,50,100.0,134,0.913344,0.811129,1.052349
18.5,0.02,50,181.0,79,0.950607,0.865386,1.033232
18.5,0.05,50,477.0,32,0.974177,0.934008,1.016001
18.5,0.1,100,547.0,28,1.004942,0.984812,1.009197
18.6,0.005,50,50.0,231,0.842074,,1.0884
18.6,0.01,50,100.0,134,0.913344,0.809317,1.052349
18.6,0.02,50,181.0,79,0.950607,0.864066,1.033232
18.6,0.05,50,477.0,32,0.974177,0.934008,1.016001
18.6,0.1,100,547.0,28,1.004942,0.984812,1.009197
18.7,0.005,50,50.0,231,0.840891,,1.0884
18.7,0.01,50,100.0,134,0.911227,0.808409,1.052349
18.7,0.02,50,181.0,79,0.950607,0.862743,1.033232
18.7,0.05,50,477.0,32,0.974177,0.931138,1.016001
18.7,0.1,100,547.0,28,1.004942,0.982862,1.009197
18.8,0.005,50,50.0,231,0.840891,,1.0884
18.8,0.01,50,100.0,133,0.914647,0.81053,1.048415
18.8,0.02,50,181.0,79,0.947053,0.862743,1.033232
18.8,0.05,50,477.0,32,0.974177,0.931138,1.016001
18.8,0.1,100,547.0,28,1.004942,0.982862,1.009197
18.9,0.005,50,50.0,230,0.841529,,1.086042
18.9,0.01,50,100.0,133,0.914647,0.809617,1.048415
18.9,0.02,50,181.0,79,0.947053,0.861419,1.033232
18.9,0.05,50,477.0,32,0.974177,0.931138,1.016001
18.9,0.1,100,547.0,28,1.004942,0.982862,1.009197
19.0,0.005,50,50.0,230,0.840339,,1.086042
19.0,0.01,50,100.0,133,0.914647,0.807787,1.048415
19.0,0.02,50,181.0,79,0.947053,0.860093,1.033232
19.0,0.05,50,477.0,32,0.974177,0.931138,1.016001
19.0,0.1,100,547.0,28,1.004942,0.982862,1.009197
19.1,0.005,50,50.0,230,0.839148,,1.086042
19.1,0.01,50,100.0,133,0.912517,0.806871,1.048415
19.1,0.02,50,181.0,79,0.947053,0.860093,1.033232
19.1,0.05,50,477.0,32,0.974177,0.931138,1.016001
19.1,0.1,100,547.0,28,1.004942,0.982862,1.009197
19.2,0.005,50,50.0,229,0.839783,,1.083678
19.2,0.01,50,100.0,133,0.912517,0.805954,1.048415
19.2,0.02,50,181.0,79,0.947053,0.858765,1.033232
19.2,0.05,50,477.0,32,0.974177,0.931138,1.016001
19.2,0.1,100,547.0,28,1.004942,0.982862,1.009197
19.3,0.005,50,50.0,229,0.839783,,1.083678
19.3,0.01,50,100.0,133,0.912517,0.805035,1.048415
19.3,0.02,50,181.0,79,0.947053,0.857434,1.033232
19.3,0.05,50,477.0,32,0.974177,0.92826,1.016001
19.3,0.1,100,547.0,28,1.004942,0.982862,1.009197
19.4,0.005,50,50.0,229,0.838586,,1.083678
19.4,0.01,50,100.0,133,0.910383,0.804116,1.048415
19.4,0.02,50,181.0,79,0.947053,0.857434,1.033232
19.4,0.05,50,477.0,32,0.974177,0.92826,1.016001
19.4,0.1,100,547.0,28,1.004942,0.982862,1.009197
19.5,0.005,50,50.0,228,0.839222,,1.08131
19.5,0.01,50,100.0,133,0.910383,0.802273,1.048415
19.5,0.02,50,181.0,79,0.947053,0.856102,1.033232
19.5,0.05,50,477.0,32,0.974177,0.92826,1.016001
19.5,0.1,100,547.0,28,1.004942,0.982862,1.009197
19.6,0.005,50,50.0,228,0.838018,,1.08131
19.6,0.01,50,100.0,133,0.910383,0.801351,1.048415
19.6,0.02,50,181.0,79,0.947053,0.854767,1.033232
19.6,0.05,50,477.0,32,0.974177,0.92826,1.016001
19.6,0.1,100,547.0,28,1.004942,0.982862,1.009197
19.7,0.005,50,50.0,228,0.838018,,1.08131
19.7,0.01,50,100.0,132,0.911677,0.803453,1.044466
19.7,0.02,50,181.0,79,0.943486,0.854767,1.033232
19.7,0.05,50,477.0,32,0.967163,0.92826,1.016001
19.7,0.1,100,547.0,28,1.004942,0.982862,1.009197
19.8,0.005,50,50.0,227,0.838655,,1.078936
19.8,0.01,50,100.0,132,0.911677,0.802525,1.044466
19.8,0.02,50,181.0,79,0.943486,0.853431,1.033232
19.8,0.05,50,477.0,32,0.967163,0.92826,1.016001
19.8,0.1,100,547.0,28,1.004942,0.982862,1.009197
19.9,0.005,50,50.0,227,0.837445,,1.078936
19.9,0.01,50,100.0,132,0.911677,0.801595,1.044466
19.9,0.02,50,181.0,79,0.943486,0.852092,1.033232
19.9,0.05,50,477.0,32,0.967163,0.925373,1.016001
19.9,0.1,100,547.0,28,1.004942,0.982862,1.009197
20.0,0.005,50,50.0,227,0.836234,,1.078936
20.0,0.01,50,100.0,132,0.911677,0.800665,1.044466
20.0,0.02,50,181.0,79,0.943486,0.852092,1.033232
20.0,0.05,50,477.0,32,0.967163,0.925373,1.016001
20.0,0.1,100,547.0,28,1.004942,0.982862,1.009197
20.1,0.005,50,50.0,226,0.838082,,1.076557
20.1,0.01,50,100.0,132,0.909524,0.798801,1.044466
20.1,0.02,50,181.0,79,0.943486,0.850751,1.033232
20.1,0.05,50,477.0,32,0.967163,0.925373,1.016001
20.1,0.1,100,547.0,28,1.004942,0.982862,1.009197
20.2,0.005,50,50.0,226,0.836867,,1.076557
20.2,0.01,50,100.0,132,0.909524,0.797867,1.044466
20.2,0.02,50,181.0,79,0.943486,0.849408,1.033232
20.2,0.05,50,455.0,33,0.976177,0.933997,1.00662
20.2,0.1,100,547.0,28,1.004942,0.982862,1.009197
20.3,0.005,50,50.0,226,0.83565,,1.076557
20.3,0.01,50,100.0,132,0.909524,0.796932,1.044466
20.3,0.02,50,181.0,79,0.943486,0.849408,1.033232
20.3,0.05,50,455.0,33,0.976177,0.933997,1.00662
20.3,0.1,100,547.0,28,1.004942,0.982862,1.009197
20.4,0.005,50,50.0,225,0.836283,,1.074172
20.4,0.01,50,100.0,132,0.909524,0.795996,1.044466
20.4,0.02,50,181.0,78,0.949515,0.853482,1.026671
20.4,0.05,50,455.0,33,0.976177,0.933997,1.00662
20.4,0.1,100,547.0,28,1.004942,0.978861,1.009197
20.5,0.005,50,50.0,225,0.836283,,1.074172
20.5,0.01,50,100.0,132,0.907366,0.795059,1.044466
20.5,0.02,50,181.0,78,0.949515,0.853482,1.026671
20.5,0.05,50,455.0,33,0.976177,0.931073,1.00662
20.5,0.1,100,547.0,28,1.004942,0.978861,1.009197
20.6,0.005,50,50.0,225,0.835059,,1.074172
20.6,0.01,50,100.0,131,0.910823,0.797146,1.040502
20.6,0.02,50,181.0,78,0.945911,0.852126,1.026671
20.6,0.05,50,455.0,33,0.976177,0.931073,1.00662
20.6,0.1,100,547.0,28,1.004942,0.978861,1.009197
20.7,0.005,50,50.0,225,0.833834,,1.074172
20.7,0.01,50,100.0,131,0.910823,0.796204,1.040502
20.7,0.02,50,181.0,78,0.945911,0.850768,1.026671
20.7,0.05,50,455.0,33,0.976177,0.931073,1.00662
20.7,0.1,100,547.0,28,1.004942,0.978861,1.009197
20.8,0.005,50,50.0,224,0.834463,,1.071783
20.8,0.01,50,100.0,131,0.908652,0.794315,1.040502
20.8,0.02,50,181.0,78,0.945911,0.850768,1.026671
20.8,0.05,50,455.0,33,0.976177,0.931073,1.00662
20.8,0.1,100,547.0,28,1.004942,0.978861,1.009197
20.9,0.005,50,50.0,224,0.834463,,1.071783
20.9,0.01,50,100.0,131,0.908652,0.793368,1.040502
20.9,0.02,50,181.0,78,0.945911,0.849408,1.026671
20.9,0.05,50,455.0,33,0.976177,0.931073,1.00662
20.9,0.1,100,547.0,28,1.004942,0.978861,1.009197
21.0,0.005,50,50.0,224,0.833231,,1.071783
21.0,0.01,50,100.0,131,0.908652,0.792421,1.040502
21.0,0.02,50,181.0,78,0.945911,0.848046,1.026671
21.0,0.05,50,455.0,33,0.976177,0.931073,1.00662
21.0,0.1,100,547.0,28,1.004942,0.978861,1.009197
21.1,0.005,50,50.0,223,0.833861,,1.069388
21.1,0.01,50,100.0,131,0.908652,0.791473,1.040502
21.1,0.02,50,181.0,78,0.945911,0.848046,1.026671
21.1,0.05,50,455.0,33,0.976177,0.928141,1.00662
21.1,0.1,100,547.0,28,1.004942,0.976621,1.009197
21.2,0.005,50,50.0,223,0.833861,,1.069388
21.2,0.01,50,100.0,131,0.906475,0.790523,1.040502
21.2,0.02,50,181.0,78,0.945911,0.846681,1.026671
21.2,0.05,50,455.0,33,0.976177,0.928141,1.00662
21.2,0.1,100,547.0,28,1.004942,0.976621,1.009197
21.3,0.005,50,50.0,223,0.832623,,1.069388
21.3,0.01,50,100.0,131,0.906475,0.789572,1.040502
21.3,0.02,50,181.0,78,0.945911,0.846681,1.026671
21.3,0.05,50,455.0,33,0.976177,0.928141,1.00662
21.3,0.1,100,523.0,29,1.005161,0.982267,1.003615
21.4,0.005,50,50.0,222,0.833254,,1.066987
21.4,0.01,50,100.0,131,0.906475,0.788621,1.040502
21.4,0.02,50,181.0,78,0.945911,0.845314,1.026671
21.4,0.05,50,455.0,33,0.976177,0.928141,1.00662
21.4,0.1,100,523.0,29,1.005161,0.982267,1.003615
21.5,0.005,50,50.0,222,0.832009,,1.066987
21.5,0.01,50,100.0,130,0.907765,0.790691,1.036523
21.5,0.02,50,181.0,78,0.942294,0.843946,1.026671
21.5,0.05,50,455.0,33,0.976177,0.928141,1.00662
21.5,0.1,100,523.0,29,1.005161,0.982267,1.003615
21.6,0.005,50,50.0,222,0.832009,,1.066987
21.6,0.01,50,100.0,130,0.907765,0.789733,1.036523
21.6,0.02,50,181.0,78,0.942294,0.843946,1.026671
21.6,0.05,50,455.0,33,0.976177,0.928141,1.00662
21.6,0.1,100,523.0,29,1.005161,0.982267,1.003615
21.7,0.005,50,50.0,221,0.83264,,1.064581
21.7,0.01,50,100.0,130,0.907765,0.788774,1.036523
21.7,0.02,50,181.0,78,0.942294,0.842574,1.026671
21.7,0.05,50,455.0,33,0.976177,0.925199,1.00662
21.7,0.1,100,523.0,29,1.005161,0.982267,1.003615
21.8,0.005,50,50.0,221,0.831389,,1.064581
21.8,0.01,50,100.0,130,0.907765,0.787814,1.036523
21.8,0.02,50,181.0,78,0.942294,0.842574,1.026671
21.8,0.05,50,455.0,33,0.976177,0.925199,1.00662
21.8,0.1,100,523.0,29,1.005161,0.982267,1.003615
21.9,0.005,50,50.0,221,0.831389,,1.064581
21.9,0.01,50,100.0,130,0.90557,0.786853,1.036523
21.9,0.02,50,181.0,78,0.942294,0.841201,1.026671
21.9,0.05,50,455.0,33,0.974888,0.925199,1.00662
21.9,0.1,100,523.0,29,1.005161,0.982267,1.003615
22.0,0.005,50,50.0,220,0.83202,,1.06217
22.0,0.01,50,100.0,130,0.90557,0.784927,1.036523
22.0,0.02,50,181.0,78,0.942294,0.839825,1.026671
22.0,0.05,50,455.0,33,0.974888,0.925199,1.00662
22.0,0.1,100,523.0,29,1.005161,0.982267,1.003615
22.1,0.005,50,50.0,220,0.830763,,1.06217
22.1,0.01,50,100.0,130,0.90557,0.783962,1.036523
22.1,0.02,50,181.0,78,0.942294,0.839825,1.026671
22.1,0.05,50,455.0,33,0.974888,0.925199,1.00662
22.1,0.1,100,523.0,29,1.005161,0.982267,1.003615
22.2,0.005,50,50.0,220,0.830763,,1.06217
22.2,0.01,50,100.0,130,0.90557,0.782996,1.036523
22.2,0.02,50,181.0,78,0.942294,0.838447,1.026671
22.2,0.05,50,455.0,33,0.974888,0.925199,1.00662
22.2,0.1,100,523.0,29,1.005161,0.982267,1.003615
22.3,0.005,50,50.0,220,0.829503,,1.06217
22.3,0.01,50,100.0,130,0.903369,0.782029,1.036523
22.3,0.02,50,181.0,78,0.942294,0.838447,1.026671
22.3,0.05,50,455.0,33,0.974888,0.925199,1.00662
22.3,0.1,100,523.0,29,1.005161,0.982267,1.003615
22.4,0.005,50,50.0,219,0.83013,,1.059753
22.4,0.01,50,100.0,129,0.906864,0.784082,1.032529
22.4,0.02,50,181.0,78,0.938663,0.837067,1.026671
22.4,0.05,50,455.0,33,0.974888,0.922248,1.00662
22.4,0.1,100,523.0,29,1.005161,0.982267,1.003615
22.5,0.005,50,50.0,219,0.83013,,1.059753
22.5,0.01,50,100.0,129,0.906864,0.783108,1.032529
22.5,0.02,50,181.0,78,0.938663,0.837067,1.026671
22.5,0.05,50,455.0,33,0.974888,0.922248,1.00662
22.5,0.1,100,523.0,29,1.005161,0.982267,1.003615
22.6,0.005,50,50.0,219,0.828864,,1.059753
22.6,0.01,50,100.0,129,0.906864,0.782134,1.032529
22.6,0.02,50,181.0,78,0.938663,0.835685,1.026671
22.6,0.05,50,455.0,33,0.974888,0.922248,1.00662
22.6,0.1,100,523.0,29,1.005161,0.982267,1.003615
22.7,0.005,50,50.0,218,0.829491,,1.057331
22.7,0.01,50,100.0,129,0.904649,0.781158,1.032529
22.7,0.02,50,181.0,78,0.938663,0.8343,1.026671
22.7,0.05,50,455.0,33,0.974888,0.922248,1.00662
22.7,0.1,100,523.0,29,1.005161,0.982267,1.003615
22.8,0.005,50,50.0,218,0.829491,,1.057331
22.8,0.01,50,100.0,129,0.904649,0.780181,1.032529
22.8,0.02,50,181.0,78,0.938663,0.8343,1.026671
22.8,0.05,50,455.0,33,0.974888,0.922248,1.00662
22.8,0.1,100,523.0,29,1.005161,0.982267,1.003615
22.9,0.005,50,50.0,218,0.828218,,1.057331
22.9,0.01,50,100.0,129,0.904649,0.779202,1.032529
22.9,0.02,50,181.0,78,0.938663,0.832913,1.026671
22.9,0.05,50,455.0,33,0.974888,0.922248,1.00662
22.9,0.1,100,523.0,29,1.005161,0.982267,1.003615
23.0,0.005,50,50.0,217,0.828846,,1.054903
23.0,0.01,50,100.0,129,0.902429,0.778223,1.032529
23.0,0.02,50,173.0,81,0.944506,0.838098,1.02032
23.0,0.05,50,455.0,33,0.974888,0.919287,1.00662
23.0,0.1,100,523.0,29,1.005161,0.978498,1.003615
23.1,0.005,50,50.0,217,0.828846,,1.054903
23.1,0.01,50,100.0,129,0.902429,0.777242,1.032529
23.1,0.02,50,173.0,81,0.944506,0.8367,1.02032
23.1,0.05,50,455.0,33,0.974888,0.919287,1.00662
23.1,0.1,100,523.0,29,1.005161,0.978498,1.003615
23.2,0.005,50,50.0,217,0.827566,,1.054903
23.2,0.01,50,100.0,129,0.902429,0.77626,1.032529
23.2,0.02,50,173.0,81,0.944506,0.8367,1.02032
23.2,0.05,50,455.0,33,0.974888,0.919287,1.00662
23.2,0.1,100,523.0,29,1.005161,0.978498,1.003615
23.3,0.005,50,50.0,217,0.826284,,1.054903
23.3,0.01,50,100.0,129,0.902429,0.775277,1.032529
23.3,0.02,50,173.0,81,0.944506,0.8353,1.02032
23.3,0.05,50,455.0,33,0.974888,0.919287,1.00662
23.3,0.1,100,523.0,29,1.005161,0.978498,1.003615
23.4,0.005,50,50.0,216,0.828195,,1.05247
23.4,0.01,50,100.0,128,0.903713,0.777311,1.028519
23.4,0.02,50,173.0,81,0.940838,0.833897,1.02032
23.4,0.05,50,455.0,33,0.974888,0.919287,1.00662
23.4,0.1,100,523.0,29,1.005161,0.978498,1.003615
23.5,0.005,50,50.0,216,0.826908,,1.05247
23.5,0.01,50,100.0,128,0.903713,0.776322,1.028519
23.5,0.02,50,181.0,77,0.941069,0.834102,1.020069
23.5,0.05,50,455.0,33,0.974888,0.919287,1.00662
23.5,0.1,100,523.0,29,1.005161,0.97595,1.003615
23.6,0.005,50,50.0,216,0.825619,,1.05247
23.6,0.01,50,100.0,128,0.903713,0.775331,1.028519
23.6,0.02,50,181.0,77,0.941069,0.832697,1.020069
23.6,0.05,50,455.0,33,0.974888,0.919287,1.00662
23.6,0.1,100,523.0,29,1.005161,0.97595,1.003615
23.7,0.005,50,50.0,215,0.827536,,1.050031
23.7,0.01,50,100.0,128,0.903713,0.774339,1.028519
23.7,0.02,50,181.0,77,0.941069,0.832697,1.020069
23.7,0.05,50,455.0,33,0.974888,0.916317,1.00662
23.7,0.1,100,523.0,29,1.005161,0.97595,1.003615
23.8,0.005,50,50.0,215,0.826242,,1.050031
23.8,0.01,50,100.0,128,0.901474,0.773345,1.028519
23.8,0.02,50,181.0,77,0.941069,0.831289,1.020069
23.8,0.05,50,455.0,33,0.974888,0.916317,1.00662
23.8,0.1,100,523.0,29,1.005161,0.97595,1.003615
23.9,0.005,50,50.0,215,0.824946,,1.050031
23.9,0.01,50,100.0,128,0.901474,0.773345,1.028519
23.9,0.02,50,181.0,77,0.941069,0.831289,1.020069
23.9,0.05,50,455.0,33,0.974888,0.916317,1.00662
23.9,0.1,100,523.0,29,1.005161,0.97595,1.003615
24.0,0.005,50,50.0,215,0.824946,,1.050031
24.0,0.01,50,100.0,128,0.901474,0.772351,1.028519
24.0,0.02,50,181.0,77,0.941069,0.829879,1.020069
24.0,0.05,50,455.0,33,0.974888,0.916317,1.00662
24.0,0.1,100,523.0,29,1.005161,0.97595,1.003615
24.1,0.005,50,50.0,214,0.82557,,1.047586
24.1,0.01,50,100.0,128,0.901474,0.771355,1.028519
24.1,0.02,50,181.0,77,0.941069,0.829879,1.020069
24.1,0.05,50,455.0,33,0.974888,0.916317,1.00662
24.1,0.1,100,523.0,29,1.005161,0.97595,1.003615
24.2,0.005,50,50.0,214,0.824267,,1.047586
24.2,0.01,50,100.0,128,0.899228,0.770357,1.028519
24.2,0.02,50,181.0,77,0.941069,0.828466,1.020069
24.2,0.05,50,455.0,33,0.974888,0.916317,1.00662
24.2,0.1,100,523.0,29,1.005161,0.97595,1.003615
24.3,0.005,50,50.0,214,0.824267,,1.047586
24.3,0.01,50,100.0,127,0.902762,0.772382,1.024493
24.3,0.02,50,181.0,77,0.937386,0.828466,1.020069
24.3,0.05,50,455.0,33,0.974888,0.916317,1.00662
24.3,0.1,100,523.0,29,1.005161,0.97595,1.003615
24.4,0.005,50,50.0,213,0.824891,,1.045135
24.4,0.01,50,100.0,127,0.902762,0.771378,1.024493
24.4,0.02,50,181.0,77,0.937386,0.827051,1.020069
24.4,0.05,50,455.0,33,0.968142,0.913337,1.00662
24.4,0.1,100,523.0,29,1.005161,0.97595,1.003615
24.5,0.005,50,50.0,213,0.824891,,1.045135
24.5,0.01,50,100.0,127,0.902762,0.770373,1.024493
24.5,0.02,50,181.0,77,0.937386,0.825634,1.020069
24.5,0.05,50,455.0,33,0.968142,0.913337,1.00662
24.5,0.1,100,523.0,29,1.005161,0.97595,1.003615
24.6,0.005,50,50.0,213,0.823581,,1.045135
24.6,0.01,50,100.0,127,0.900502,0.769367,1.024493
24.6,0.02,50,181.0,77,0.937386,0.825634,1.020069
24.6,0.05,50,455.0,33,0.968142,0.913337,1.00662
24.6,0.1,100,523.0,29,1.005161,0.97595,1.003615
24.7,0.005,50,50.0,212,0.824206,,1.042679
24.7,0.01,50,100.0,127,0.900502,0.768359,1.024493
24.7,0.02,50,181.0,77,0.937386,0.824214,1.020069
24.7,0.05,50,455.0,33,0.968142,0.913337,1.00662
24.7,0.1,100,523.0,29,1.005161,0.97595,1.003615
24.8,0.005,50,50.0,212,0.824206,,1.042679
24.8,0.01,50,100.0,127,0.900502,0.76735,1.024493
24.8,0.02,50,181.0,77,0.937386,0.824214,1.020069
24.8,0.05,50,455.0,33,0.968142,0.913337,1.00662
24.8,0.1,100,523.0,29,1.005161,0.97595,1.003615
24.9,0.005,50,50.0,212,0.822888,,1.042679
24.9,0.01,50,100.0,127,0.900502,0.76634,1.024493
24.9,0.02,50,181.0,77,0.937386,0.822792,1.020069
24.9,0.05,50,455.0,33,0.968142,0.913337,1.00662
24.9,0.1,100,523.0,29,1.005161,0.97595,1.003615
25.0,0.005,50,50.0,212,0.821568,,1.042679
25.0,0.01,50,100.0,127,0.898236,0.765328,1.024493
25.0,0.02,50,181.0,77,0.937386,0.822792,1.020069
25.0,0.05,50,455.0,33,0.968142,0.910347,1.00662
25.0,0.1,100,523.0,29,1.005161,0.97595,1.003615
25.1,0.005,50,50.0,211,0.823513,,1.040217
25.1,0.01,50,100.0,127,0.898236,0.764315,1.024493
25.1,0.02,50,181.0,77,0.937386,0.821367,1.020069
25.1,0.05,50,455.0,33,0.968142,0.910347,1.00662
25.1,0.1,100,523.0,29,1.005161,0.97595,1.003615
25.2,0.005,50,50.0,211,0.822188,,1.040217
25.2,0.01,50,100.0,127,0.898236,0.764315,1.024493
25.2,0.02,50,181.0,77,0.937386,0.821367,1.020069
25.2,0.05,50,455.0,33,0.968142,0.910347,1.00662
25.2,0.1,100,523.0,29,1.005161,0.97595,1.003615
25.3,0.005,50,50.0,211,0.822188,,1.040217
25.3,0.01,50,100.0,126,0.901794,0.766324,1.020452
25.3,0.02,50,181.0,77,0.933688,0.81994,1.020069
25.3,0.05,50,455.0,33,0.968142,0.910347,1.00662
25.3,0.1,100,523.0,29,1.005161,0.97595,1.003615
25.4,0.005,50,50.0,211,0.82086,,1.040217
25.4,0.01,50,100.0,126,0.899514,0.765304,1.020452
25.4,0.02,50,181.0,77,0.933688,0.81994,1.020069
25.4,0.05,50,455.0,33,0.968142,0.910347,1.00662
25.4,0.1,100,523.0,29,1.005161,0.97595,1.003615
25.5,0.005,50,50.0,210,0.82148,,1.037749
25.5,0.01,50,100.0,126,0.899514,0.764283,1.020452
25.5,0.02,50,181.0,77,0.933688,0.81851,1.020069
25.5,0.05,50,455.0,33,0.968142,0.910347,1.00662
25.5,0.1,100,523.0,29,1.005161,0.97595,1.003615
25.6,0.005,50,50.0,210,0.82148,,1.037749
25.6,0.01,50,100.0,126,0.899514,0.76326,1.020452
25.6,0.02,50,181.0,77,0.933688,0.81851,1.020069
25.6,0.05,50,455.0,33,0.968142,0.910347,1.00662
25.6,0.1,100,523.0,29,1.005161,0.97595,1.003615
25.7,0.005,50,50.0,210,0.820145,,1.037749
25.7,0.01,50,100.0,126,0.899514,0.762237,1.020452
25.7,0.02,50,173.0,80,0.939275,0.821967,1.014002
25.7,0.05,50,455.0,33,0.968142,0.907348,1.00662
25.7,0.1,100,600.0,25,1.004518,0.97533,1.0
25.8,0.005,50,50.0,209,0.822105,,1.035275
25.8,0.01,50,100.0,126,0.897228,0.761211,1.020452
25.8,0.02,50,173.0,80,0.939275,0.821967,1.014002
25.8,0.05,50,455.0,33,0.968142,0.907348,1.00662
25.8,0.1,100,600.0,25,1.004518,0.97533,1.0
25.9,0.005,50,50.0,209,0.820765,,1.035275
25.9,0.01,50,100.0,126,0.897228,0.760185,1.020452
25.9,0.02,50,181.0,76,0.939811,0.820992,1.013423
25.9,0.05,50,455.0,33,0.968142,0.907348,1.00662
25.9,0.1,100,600.0,25,1.004518,0.972475,1.0
26.0,0.005,50,50.0,209,0.819423,,1.035275
26.0,0.01,50,100.0,126,0.897228,0.760185,1.020452
26.0,0.02,50,181.0,76,0.939811,0.820992,1.013423
26.0,0.05,50,455.0,33,0.968142,0.907348,1.00662
26.0,0.1,100,600.0,25,1.004518,0.972475,1.0
26.1,0.005,50,50.0,209,0.819423,,1.035275
26.1,0.01,50,100.0,126,0.897228,0.759157,1.020452
26.1,0.02,50,181.0,76,0.939811,0.819545,1.013423
26.1,0.05,50,455.0,33,0.968142,0.907348,1.00662
26.1,0.1,100,600.0,25,1.004518,0.972475,1.0
26.2,0.005,50,50.0,208,0.820043,,1.032796
26.2,0.01,50,100.0,126,0.894936,0.758127,1.020452
26.2,0.02,50,181.0,76,0.939811,0.819545,1.013423
26.2,0.05,50,455.0,33,0.966447,0.907348,1.00662
26.2,0.1,100,600.0,25,1.004518,0.972475,1.0
26.3,0.005,50,50.0,208,0.820043,,1.032796
26.3,0.01,50,100.0,125,0.898509,0.760119,1.016395
26.3,0.02,50,181.0,76,0.936074,0.818096,1.013423
26.3,0.05,50,455.0,33,0.966447,0.907348,1.00662
26.3,0.1,100,600.0,25,1.004518,0.972475,1.0
26.4,0.005,50,50.0,208,0.818693,,1.032796
26.4,0.01,50,100.0,125,0.898509,0.759083,1.016395
26.4,0.02,50,181.0,76,0.936074,0.818096,1.013423
26.4,0.05,50,455.0,33,0.966447,0.904338,1.00662
26.4,0.1,100,600.0,25,1.004518,0.972475,1.0
26.5,0.005,50,50.0,207,0.820668,,1.03031
26.5,0.01,50,100.0,125,0.898509,0.758045,1.016395
26.5,0.02,50,181.0,76,0.936074,0.816644,1.013423
26.5,0.05,50,455.0,33,0.966447,0.904338,1.00662
26.5,0.1,100,600.0,25,1.004518,0.972475,1.0
26.6,0.005,50,50.0,207,0.819313,,1.03031
26.6,0.01,50,100.0,125,0.896202,0.757006,1.016395
26.6,0.02,50,181.0,76,0.936074,0.816644,1.013423
26.6,0.05,50,455.0,33,0.966447,0.904338,1.00662
26.6,0.1,100,600.0,25,1.004518,0.972475,1.0
26.7,0.005,50,50.0,207,0.817955,,1.03031
26.7,0.01,50,100.0,125,0.896202,0.757006,1.016395
26.7,0.02,50,181.0,76,0.936074,0.81519,1.013423
26.7,0.05,50,455.0,33,0.966447,0.904338,1.00662
26.7,0.1,100,600.0,25,1.004518,0.972475,1.0
26.8,0.005,50,50.0,207,0.817955,,1.03031
26.8,0.01,50,100.0,125,0.896202,0.755965,1.016395
26.8,0.02,50,181.0,76,0.936074,0.81519,1.013423
26.8,0.05,50,455.0,33,0.966447,0.904338,1.00662
26.8,0.1,100,600.0,25,1.004518,0.972475,1.0
26.9,0.005,50,50.0,206,0.818575,,1.027818
26.9,0.01,50,100.0,125,0.896202,0.754923,1.016395
26.9,0.02,50,181.0,76,0.936074,0.813733,1.013423
26.9,0.05,50,455.0,33,0.966447,0.904338,1.00662
26.9,0.1,100,600.0,25,1.004518,0.972475,1.0
27.0,0.005,50,50.0,206,0.818575,,1.027818
27.0,0.01,50,100.0,125,0.896202,0.75388,1.016395
27.0,0.02,50,181.0,76,0.936074,0.813733,1.013423
27.0,0.05,50,455.0,33,0.966447,0.904338,1.00662
27.0,0.1,100,600.0,25,1.004518,0.972475,1.0
27.1,0.005,50,50.0,206,0.817209,,1.027818
27.1,0.01,50,100.0,125,0.893889,0.752835,1.016395
27.1,0.02,50,181.0,76,0.936074,0.812273,1.013423
27.1,0.05,50,455.0,33,0.966447,0.901319,1.00662
27.1,0.1,100,600.0,25,1.004518,0.972475,1.0
27.2,0.005,50,50.0,206,0.817209,,1.027818
27.2,0.01,50,100.0,125,0.893889,0.751789,1.016395
27.2,0.02,50,181.0,76,0.936074,0.812273,1.013423
27.2,0.05,50,477.0,31,0.972845,0.907285,1.0
27.2,0.1,100,600.0,25,1.004518,0.972475,1.0
27.3,0.005,50,50.0,205,0.817829,,1.02532
27.3,0.01,50,100.0,124,0.897486,0.754814,1.012321
27.3,0.02,50,181.0,76,0.932322,0.810811,1.013423
27.3,0.05,50,477.0,31,0.972845,0.907285,1.0
27.3,0.1,100,600.0,25,1.004518,0.972475,1.0
27.4,0.005,50,50.0,205,0.816456,,1.02532
27.4,0.01,50,100.0,124,0.897486,0.753762,1.012321
27.4,0.02,50,181.0,76,0.932322,0.810811,1.013423
27.4,0.05,50,477.0,31,0.972845,0.907285,1.0
27.4,0.1,100,600.0,25,1.004518,0.972475,1.0
27.5,0.005,50,50.0,205,0.816456,,1.02532
27.5,0.01,50,100.0,124,0.895158,0.752709,1.012321
27.5,0.02,50,181.0,76,0.932322,0.809346,1.013423
27.5,0.05,50,477.0,31,0.972845,0.907285,1.0
27.5,0.1,100,600.0,25,1.004518,0.972475,1.0
27.6,0.005,50,50.0,205,0.81508,,1.02532
27.6,0.01,50,100.0,124,0.895158,0.751654,1.012321
27.6,0.02,50,181.0,76,0.932322,0.809346,1.013423
27.6,0.05,50,477.0,31,0.972845,0.907285,1.0
27.6,0.1,100,600.0,25,1.004518,0.972475,1.0
27.7,0.005,50,50.0,204,0.817075,,1.022817
27.7,0.01,50,100.0,124,0.895158,0.750597,1.012321
27.7,0.02,50,181.0,76,0.932322,0.807878,1.013423
27.7,0.05,50,477.0,31,0.972845,0.907285,1.0
27.7,0.1,100,600.0,25,1.004518,0.972475,1.0
27.8,0.005,50,50.0,204,0.815694,,1.022817
27.8,0.01,50,100.0,124,0.895158,0.750597,1.012321
27.8,0.02,50,181.0,76,0.932322,0.807878,1.013423
27.8,0.05,50,477.0,31,0.972845,0.904236,1.0
27.8,0.1,100,600.0,25,1.004518,0.972475,1.0
27.9,0.005,50,50.0,204,0.815694,,1.022817
27.9,0.01,50,100.0,124,0.892824,0.749539,1.012321
27.9,0.02,50,181.0,76,0.932322,0.806408,1.013423
27.9,0.05,50,477.0,31,0.972845,0.904236,1.0
27.9,0.1,100,600.0,25,1.004518,0.972475,1.0
28.0,0.005,50,50.0,203,0.816314,,1.020307
28.0,0.01,50,100.0,124,0.892824,0.74848,1.012321
28.0,0.02,50,181.0,76,0.932322,0.806408,1.013423
28.0,0.05,50,477.0,31,0.972845,0.904236,1.0
28.0,0.1,100,600.0,25,1.004518,0.972475,1.0
28.1,0.005,50,50.0,203,0.816314,,1.020307
28.1,0.01,50,100.0,124,0.892824,0.747419,1.012321
28.1,0.02,50,181.0,76,0.932322,0.804935,1.013423
28.1,0.05,50,477.0,31,0.972845,0.904236,1.0
28.1,0.1,100,600.0,25,1.004518,0.972475,1.0
28.2,0.005,50,50.0,203,0.814924,,1.020307
28.2,0.01,50,100.0,124,0.892824,0.746356,1.012321
28.2,0.02,50,181.0,76,0.932322,0.804935,1.013423
28.2,0.05,50,477.0,31,0.972845,0.904236,1.0
28.2,0.1,100,600.0,25,1.004518,0.972475,1.0
28.3,0.005,50,50.0,203,0.814924,,1.020307
28.3,0.01,50,100.0,124,0.892824,0.746356,1.012321
28.3,0.02,50,181.0,76,0.932322,0.80346,1.013423
28.3,0.05,50,477.0,31,0.972845,0.904236,1.0
28.3,0.1,100,600.0,25,1.004518,0.972475,1.0
28.4,0.005,50,50.0,202,0.815543,,1.01779
28.4,0.01,50,100.0,123,0.894096,0.748316,1.008231
28.4,0.02,50,181.0,75,0.934725,0.808798,1.006734
28.4,0.05,50,477.0,31,0.972845,0.904236,1.0
28.4,0.1,100,600.0,25,1.004518,0.966056,1.0
28.5,0.005,50,50.0,202,0.814146,,1.01779
28.5,0.01,50,100.0,123,0.894096,0.747246,1.008231
28.5,0.02,50,181.0,75,0.934725,0.80731,1.006734
28.5,0.05,50,477.0,31,0.972845,0.904236,1.0
28.5,0.1,100,600.0,25,1.004518,0.966056,1.0
28.6,0.005,50,50.0,202,0.814146,,1.01779
28.6,0.01,50,100.0,123,0.894096,0.746175,1.008231
28.6,0.02,50,181.0,75,0.934725,0.80731,1.006734
28.6,0.05,50,477.0,31,0.972845,0.901176,1.0
28.6,0.1,100,600.0,25,1.004518,0.966056,1.0
28.7,0.005,50,50.0,202,0.812746,,1.01779
28.7,0.01,50,100.0,123,0.894096,0.746175,1.008231
28.7,0.02,50,181.0,75,0.934725,0.80731,1.006734
28.7,0.05,50,477.0,31,0.972845,0.901176,1.0
28.7,0.1,100,600.0,25,1.004518,0.966056,1.0
28.8,0.005,50,50.0,201,0.814765,,1.015268
28.8,0.01,50,100.0,123,0.89174,0.745102,1.008231
28.8,0.02,50,181.0,75,0.934725,0.805819,1.006734
28.8,0.05,50,477.0,31,0.972845,0.901176,1.0
28.8,0.1,100,600.0,25,1.004518,0.966056,1.0
28.9,0.005,50,50.0,201,0.813359,,1.015268
28.9,0.01,50,100.0,123,0.89174,0.744028,1.008231
28.9,0.02,50,181.0,75,0.934725,0.805819,1.006734
28.9,0.05,50,477.0,31,0.972845,0.901176,1.0
28.9,0.1,100,600.0,25,1.004518,0.966056,1.0
29.0,0.005,50,50.0,201,0.813359,,1.015268
29.0,0.01,50,100.0,123,0.89174,0.742952,1.008231
29.0,0.02,50,181.0,75,0.934725,0.804326,1.006734
29.0,0.05,50,477.0,31,0.972845,0.901176,1.0
29.0,0.1,100,600.0,25,1.004518,0.966056,1.0
29.1,0.005,50,50.0,201,0.81195,,1.015268
29.1,0.01,50,100.0,123,0.89174,0.742952,1.008231
29.1,0.02,50,181.0,75,0.934725,0.804326,1.006734
29.1,0.05,50,477.0,31,0.972845,0.901176,1.0
29.1,0.1,100,600.0,25,1.004518,0.966056,1.0
29.2,0.005,50,50.0,200,0.813978,,1.012739
29.2,0.01,50,100.0,123,0.889378,0.741874,1.008231
29.2,0.02,50,181.0,75,0.934725,0.802829,1.006734
29.2,0.05,50,477.0,31,0.966396,0.901176,1.0
29.2,0.1,100,600.0,25,1.004518,0.966056,1.0
29.3,0.005,50,50.0,200,0.812563,,1.012739
29.3,0.01,50,100.0,123,0.889378,0.740795,1.008231
29.3,0.02,50,181.0,75,0.934725,0.802829,1.006734
29.3,0.05,50,477.0,31,0.966396,0.898105,1.0
29.3,0.1,100,600.0,25,1.004518,0.966056,1.0
29.4,0.005,50,50.0,200,0.812563,,1.012739
29.4,0.01,50,100.0,122,0.893015,0.74274,1.004124
29.4,0.02,50,181.0,75,0.930918,0.80133,1.006734
29.4,0.05,50,477.0,31,0.966396,0.898105,1.0
29.4,0.1,100,600.0,25,1.004518,0.966056,1.0
29.5,0.005,50,50.0,200,0.811147,,1.012739
29.5,0.01,50,100.0,122,0.893015,0.74274,1.004124
29.5,0.02,50,181.0,75,0.930918,0.80133,1.006734
29.5,0.05,50,477.0,31,0.966396,0.898105,1.0
29.5,0.1,100,600.0,25,1.004518,0.966056,1.0
29.6,0.005,50,50.0,199,0.813182,,1.010204
29.6,0.01,50,100.0,122,0.893015,0.741653,1.004124
29.6,0.02,50,181.0,75,0.930918,0.799828,1.006734
29.6,0.05,50,477.0,31,0.966396,0.898105,1.0
29.6,0.1,100,600.0,25,1.004518,0.966056,1.0
29.7,0.005,50,50.0,199,0.811759,,1.010204
29.7,0.01,50,100.0,122,0.890637,0.740565,1.004124
29.7,0.02,50,181.0,75,0.930918,0.799828,1.006734
29.7,0.05,50,477.0,31,0.966396,0.898105,1.0
29.7,0.1,100,600.0,25,1.004518,0.966056,1.0
29.8,0.005,50,50.0,199,0.811759,,1.010204
29.8,0.01,50,100.0,122,0.890637,0.739475,1.004124
29.8,0.02,50,181.0,75,0.930918,0.799828,1.006734
29.8,0.05,50,477.0,31,0.966396,0.898105,1.0
29.8,0.1,100,600.0,25,1.004518,0.966056,1.0
29.9,0.005,50,50.0,199,0.810334,,1.010204
29.9,0.01,50,100.0,122,0.890637,0.739475,1.004124
29.9,0.02,50,181.0,75,0.930918,0.798323,1.006734
29.9,0.05,50,477.0,31,0.966396,0.898105,1.0
29.9,0.1,100,600.0,25,1.004518,0.966056,1.0
30.0,0.005,50,50.0,198,0.812378,,1.007663
30.0,0.01,50,100.0,122,0.890637,0.738384,1.004124
30.0,0.02,50,181.0,75,0.930918,0.798323,1.006734
30.0,0.05,50,477.0,31,0.966396,0.895024,1.0
30.0,0.1,100,600.0,25,1.004518,0.966056,1.0
30.1,0.005,50,50.0,198,0.810946,,1.007663
30.1,0.01,50,100.0,122,0.888253,0.73729,1.004124
30.1,0.02,50,181.0,75,0.930918,0.796815,1.006734
30.1,0.05,50,477.0,31,0.966396,0.895024,1.0
30.1,0.1,100,600.0,25,1.004518,0.966056,1.0
30.2,0.005,50,50.0,198,0.810946,,1.007663
30.2,0.01,50,100.0,122,0.888253,0.73729,1.004124
30.2,0.02,50,181.0,75,0.930918,0.796815,1.006734
30.2,0.05,50,477.0,31,0.966396,0.895024,1.0
30.2,0.1,100,600.0,25,1.004518,0.966056,1.0
30.3,0.005,50,50.0,198,0.809512,,1.007663
30.3,0.01,50,100.0,122,0.888253,0.736196,1.004124
30.3,0.02,50,181.0,75,0.930918,0.795305,1.006734
30.3,0.05,50,477.0,31,0.966396,0.895024,1.0
30.3,0.1,100,600.0,25,1.004518,0.966056,1.0
30.4,0.005,50,50.0,197,0.811564,,1.005115
30.4,0.01,50,100.0,122,0.888253,0.735099,1.004124
30.4,0.02,50,181.0,75,0.930918,0.795305,1.006734
30.4,0.05,50,477.0,31,0.966396,0.895024,1.0
30.4,0.1,100,600.0,25,1.004518,0.966056,1.0
30.5,0.005,50,50.0,197,0.810124,,1.005115
30.5,0.01,50,100.0,121,0.891916,0.737028,1.0
30.5,0.02,50,181.0,75,0.927095,0.793791,1.006734
30.5,0.05,50,477.0,31,0.966396,0.895024,1.0
30.5,0.1,100,600.0,25,1.004518,0.966056,1.0
30.6,0.005,50,50.0,197,0.810124,,1.005115
30.6,0.01,50,100.0,121,0.889515,0.737028,1.0
30.6,0.02,50,181.0,75,0.927095,0.793791,1.006734
30.6,0.05,50,477.0,31,0.966396,0.895024,1.0
30.6,0.1,100,600.0,25,1.004518,0.966056,1.0
30.7,0.005,50,50.0,197,0.808681,,1.005115
30.7,0.01,50,100.0,121,0.889515,0.735924,1.0
30.7,0.02,50,181.0,75,0.927095,0.793791,1.006734
30.7,0.05,50,477.0,31,0.964273,0.895024,1.0
30.7,0.1,100,600.0,25,1.004518,0.966056,1.0
30.8,0.005,50,50.0,196,0.810741,,1.002561
30.8,0.01,50,100.0,121,0.889515,0.734818,1.0
30.8,0.02,50,181.0,75,0.927095,0.792275,1.006734
30.8,0.05,50,477.0,31,0.964273,0.891933,1.0
30.8,0.1,100,600.0,25,1.004518,0.966056,1.0
30.9,0.005,50,50.0,196,0.809292,,1.002561
30.9,0.01,50,100.0,121,0.889515,0.734818,1.0
30.9,0.02,50,181.0,75,0.927095,0.792275,1.006734
30.9,0.05,50,477.0,31,0.964273,0.891933,1.0
30.9,0.1,100,600.0,25,1.004518,0.966056,1.0
31.0,0.005,50,50.0,196,0.809292,,1.002561
31.0,0.01,50,100.0,121,0.889515,0.733711,1.0
31.0,0.02,50,181.0,75,0.927095,0.790756,1.006734
31.0,0.05,50,477.0,31,0.964273,0.891933,1.0
31.0,0.1,100,600.0,25,1.004518,0.966056,1.0
31.1,0.005,50,50.0,196,0.807841,,1.002561
31.1,0.01,50,100.0,121,0.887107,0.732602,1.0
31.1,0.02,50,181.0,75,0.927095,0.790756,1.006734
31.1,0.05,50,477.0,31,0.964273,0.891933,1.0
31.1,0.1,100,600.0,25,1.004518,0.966056,1.0
31.2,0.005,50,50.0,195,0.809909,,1.0
31.2,0.01,50,100.0,121,0.887107,0.732602,1.0
31.2,0.02,50,181.0,74,0.933338,0.794548,1.0
31.2,0.05,50,477.0,31,0.964273,0.891933,1.0
31.2,0.1,100,600.0,25,1.004518,0.959594,1.0
31.3,0.005,50,50.0,195,0.808451,,1.0
31.3,0.01,50,100.0,121,0.887107,0.731491,1.0
31.3,0.02,50,181.0,74,0.933338,0.794548,1.0
31.3,0.05,50,477.0,31,0.964273,0.891933,1.0
31.3,0.1,100,600.0,25,1.004518,0.959594,1.0
31.4,0.005,50,50.0,195,0.808451,,1.0
31.4,0.01,50,100.0,121,0.887107,0.730378,1.0
31.4,0.02,50,181.0,74,0.933338,0.794548,1.0
31.4,0.05,50,477.0,31,0.964273,0.891933,1.0
31.4,0.1,100,600.0,25,1.004518,0.959594,1.0
31.462837,0.005,50,50.0,195,0.806991,,1.0
31.462837,0.01,50,100.0,121,0.887107,0.730378,1.0
31.462837,0.02,50,181.0,74,0.933338,0.793013,1.0
31.462837,0.05,50,477.0,31,0.964273,0.891933,1.0
31.462837,0.1,100,600.0,25,1.004518,0.959594,1.0
