gain,t,n_subs,beyond_N18,snr_R,clipped_R,snr_G1,clipped_G1,snr_G2,clipped_G2,snr_B,clipped_B,clipped_any,snr_rel_R,snr_rel_G1,snr_rel_G2,snr_rel_B,on_curve
50,10.0,383,True,0.543966,0.002365,0.570948,0.002365,0.570842,0.002365,0.364047,0.002365,0.002365,0.331322,0.337138,0.337116,0.283835,False
50,11.0,374,True,0.578986,0.002365,0.607262,0.002365,0.607151,0.002365,0.389629,0.002365,0.002365,0.352653,0.358581,0.358559,0.30378,False
50,12.0,366,True,0.612347,0.002365,0.641821,0.002365,0.641705,0.002365,0.414201,0.002365,0.002365,0.372972,0.378988,0.378965,0.322938,False
50,13.0,357,True,0.642583,0.002365,0.673095,0.002365,0.672976,0.002365,0.436742,0.002365,0.002365,0.391389,0.397455,0.397432,0.340512,False
50,14.0,349,True,0.671558,0.002365,0.703042,0.002365,0.702919,0.002365,0.458486,0.002365,0.002365,0.409037,0.415139,0.415115,0.357465,False
50,15.0,342,True,0.699567,0.002365,0.731975,0.002365,0.731849,0.002365,0.47962,0.002365,0.002365,0.426097,0.432223,0.4322,0.373942,False
50,16.0,335,True,0.725808,0.002365,0.759056,0.002365,0.758926,0.002365,0.499579,0.002365,0.002365,0.44208,0.448214,0.448191,0.389503,False
50,17.0,328,True,0.750366,0.002365,0.784376,0.002365,0.784243,0.002365,0.518404,0.002365,0.002365,0.457038,0.463165,0.463142,0.404181,False
50,18.0,321,True,0.773316,0.002365,0.808017,0.002365,0.807881,0.002365,0.536134,0.002365,0.002365,0.471016,0.477125,0.477102,0.418005,False
50,19.0,315,True,0.79599,0.002365,0.831372,0.002365,0.831233,0.002365,0.553683,0.002365,0.002365,0.484827,0.490916,0.490893,0.431686,False
50,20.0,309,True,0.817303,0.002365,0.853307,0.002365,0.853167,0.002365,0.57029,0.002365,0.002365,0.497808,0.503869,0.503846,0.444634,False
50,21.0,303,True,0.837309,0.002365,0.873882,0.002365,0.873739,0.002365,0.585985,0.002365,0.002365,0.509994,0.516018,0.515995,0.456871,False
50,22.0,297,True,0.856057,0.002365,0.893147,0.002365,0.893002,0.002365,0.600792,0.002365,0.002365,0.521412,0.527393,0.527371,0.468416,False
50,23.0,292,True,0.875088,0.002365,0.912712,0.002365,0.912565,0.002365,0.615792,0.002365,0.002365,0.533004,0.538946,0.538924,0.480111,False
50,24.0,286,True,0.891502,0.002365,0.929551,0.002365,0.929403,0.002365,0.62894,0.002365,0.002365,0.543002,0.54889,0.548868,0.490362,False
50,25.0,281,True,0.908392,0.002365,0.946892,0.002365,0.946742,0.002365,0.642409,0.002365,0.002365,0.553289,0.559129,0.559107,0.500863,False
50,26.0,276,True,0.92429,0.002365,0.963203,0.002365,0.963051,0.002365,0.655163,0.002365,0.002365,0.562973,0.568761,0.568739,0.510807,False
50,28.0,267,True,0.955015,0.002365,0.994722,0.002365,0.994567,0.002365,0.679867,0.002365,0.002365,0.581687,0.587372,0.587351,0.530067,False
50,29.0,263,True,0.970007,0.002365,1.010102,0.002365,1.009946,0.002365,0.691932,0.002365,0.002365,0.590818,0.596454,0.596433,0.539475,True
50,30.0,258,True,0.982322,0.002614,1.0227,0.002365,1.022542,0.002365,0.702071,0.002365,0.002614,0.598319,0.603893,0.603872,0.547379,True
50,32.0,250,True,1.008401,0.002863,1.049416,0.002739,1.049256,0.002365,0.723326,0.002365,0.003112,0.614203,0.619668,0.619648,0.563951,False
50,33.0,246,True,1.020356,0.002863,1.06165,0.002739,1.061489,0.002365,0.733149,0.002365,0.003112,0.621485,0.626893,0.626872,0.57161,True
50,35.0,239,True,1.04436,0.002863,1.086232,0.002863,1.086069,0.00249,0.75281,0.002365,0.003237,0.636105,0.641408,0.641388,0.586939,True
50,36.0,235,True,1.054309,0.003237,1.096393,0.002863,1.096229,0.002614,0.761134,0.002365,0.003361,0.642165,0.647408,0.647388,0.593429,True
50,38.0,229,True,1.076947,0.003735,1.119575,0.002863,1.119409,0.002739,0.779708,0.002365,0.003735,0.655954,0.661097,0.661078,0.60791,True
50,40.0,222,True,1.095019,0.003859,1.138025,0.002863,1.137857,0.002739,0.794907,0.002365,0.003859,0.666961,0.671991,0.671972,0.61976,True
50,42.0,216,True,1.113421,0.004108,1.156832,0.002863,1.156663,0.002988,0.810277,0.002365,0.004108,0.678169,0.683096,0.683078,0.631744,True
50,44.0,210,True,1.129869,0.004357,1.173622,0.002988,1.173451,0.003112,0.824159,0.002365,0.004357,0.688188,0.693011,0.692992,0.642567,True
50,46.0,205,True,1.147223,0.004357,1.191364,0.003361,1.191192,0.00361,0.83864,0.00249,0.004482,0.698758,0.703487,0.70347,0.653857,True
50,48.0,200,True,1.162959,0.004482,1.207436,0.003486,1.207263,0.00361,0.851881,0.00249,0.004606,0.708342,0.712978,0.71296,0.66418,True
50,50.0,195,True,1.177122,0.004482,1.221887,0.003735,1.221713,0.003735,0.863913,0.00249,0.004855,0.716969,0.721511,0.721494,0.673562,True
50,52.0,190,True,1.189755,0.004606,1.234759,0.003859,1.234584,0.003984,0.874767,0.00249,0.005104,0.724664,0.729112,0.729095,0.682024,True
50,55.0,184,True,1.210856,0.004606,1.256317,0.004108,1.25614,0.004108,0.892533,0.00249,0.005228,0.737516,0.741841,0.741825,0.695876,True
50,57.0,179,True,1.219981,0.00473,1.265572,0.004357,1.265394,0.004606,0.900673,0.00249,0.005353,0.743074,0.747306,0.74729,0.702222,True
50,60.0,173,True,1.236373,0.005104,1.282274,0.004357,1.282096,0.00473,0.914788,0.00249,0.005851,0.753058,0.757169,0.757153,0.713227,False
50,63.0,168,True,1.253885,0.005353,1.300156,0.004855,1.299975,0.00473,0.92964,0.00249,0.005851,0.763724,0.767728,0.767713,0.724806,True
50,66.0,163,True,1.269182,0.005851,1.315754,0.005353,1.315573,0.004979,0.942763,0.00249,0.006473,0.773041,0.776938,0.776924,0.735038,True
50,69.0,158,True,1.282326,0.0061,1.329134,0.005602,1.328952,0.005477,0.954206,0.00249,0.006847,0.781047,0.784839,0.784825,0.74396,False
50,72.0,153,True,1.29337,0.0061,1.34035,0.005975,1.340167,0.005477,0.964006,0.002614,0.006847,0.787774,0.791462,0.791448,0.7516,True
50,76.0,148,True,1.312307,0.006722,1.359688,0.0061,1.359504,0.005477,0.980104,0.002863,0.007096,0.799308,0.802881,0.802867,0.764151,True
50,79.0,144,True,1.323496,0.006722,1.371081,0.006349,1.370895,0.005726,0.989854,0.002988,0.007345,0.806123,0.809608,0.809595,0.771753,True
50,83.0,139,True,1.337475,0.006971,1.385311,0.006473,1.385125,0.006224,1.002059,0.002988,0.007594,0.814638,0.818011,0.817998,0.781269,True
50,87.0,134,True,1.348754,0.007594,1.396761,0.006971,1.396574,0.006722,1.012141,0.002988,0.007967,0.821508,0.824772,0.82476,0.789129,True
50,91.0,129,True,1.357388,0.008092,1.405486,0.007469,1.405299,0.007096,1.020143,0.003237,0.008465,0.826767,0.829924,0.829912,0.795369,True
50,95.0,125,True,1.368904,0.00859,1.417208,0.007718,1.41702,0.007469,1.030227,0.003237,0.009088,0.83378,0.836846,0.836834,0.80323,True
50,100.0,121,True,1.386068,0.009088,1.434743,0.008216,1.434553,0.008092,1.044817,0.003237,0.009461,0.844235,0.8472,0.847189,0.814606,True
50,104.0,117,True,1.393102,0.009461,1.441849,0.00859,1.441659,0.008341,1.051365,0.003361,0.010083,0.848519,0.851396,0.851385,0.819711,True
50,109.0,113,True,1.405259,0.010083,1.454229,0.008839,1.454038,0.008839,1.062003,0.003735,0.010955,0.855924,0.858706,0.858696,0.828005,True
50,115.0,108,True,1.415138,0.010581,1.464227,0.009461,1.464036,0.009336,1.07109,0.004233,0.011826,0.861941,0.86461,0.8646,0.83509,True
50,120.0,105,True,1.42844,0.01083,1.477817,0.009834,1.477625,0.010083,1.082415,0.00473,0.012324,0.870043,0.872635,0.872625,0.84392,True
50,126.0,101,True,1.438982,0.011951,1.488531,0.010581,1.488338,0.010581,1.091808,0.004855,0.013071,0.876465,0.878961,0.878952,0.851243,True
50,131.0,97,True,1.440532,0.012449,1.489985,0.010955,1.489792,0.011079,1.09407,0.004979,0.013694,0.877408,0.87982,0.87981,0.853006,True
50,138.0,93,True,1.451104,0.013694,1.500727,0.011826,1.500534,0.011702,1.103514,0.005477,0.015063,0.883848,0.886163,0.886154,0.86037,True
50,144.0,90,True,1.460884,0.014316,1.510689,0.012324,1.510495,0.012075,1.112076,0.005975,0.015561,0.889804,0.892045,0.892037,0.867045,True
50,151.0,87,True,1.473713,0.015063,1.52379,0.012698,1.523595,0.012573,1.123064,0.0061,0.016059,0.897619,0.899781,0.899773,0.875612,True
50,158.0,83,True,1.475067,0.015436,1.525038,0.013445,1.524843,0.013445,1.125221,0.006847,0.016681,0.898443,0.900518,0.90051,0.877294,True
50,165.0,80,True,1.482335,0.016059,1.532412,0.01444,1.532217,0.013942,1.131813,0.006971,0.017677,0.90287,0.904872,0.904865,0.882433,True
50,173.0,77,True,1.491685,0.017428,1.541929,0.015561,1.541733,0.014191,1.140061,0.007345,0.0183,0.908565,0.910492,0.910485,0.888864,True
50,181.0,74,True,1.498129,0.017802,1.548453,0.016183,1.548257,0.015063,1.146012,0.007594,0.018922,0.91249,0.914344,0.914337,0.893504,True
50,190.0,71,True,1.505929,0.018797,1.556372,0.016806,1.556176,0.01693,1.153043,0.007967,0.020291,0.917241,0.91902,0.919014,0.898986,True
50,199.0,69,True,1.52157,0.019918,1.572407,0.017553,1.572208,0.017926,1.166008,0.008216,0.021536,0.926768,0.928489,0.928482,0.909094,True
50,208.0,66,True,1.523468,0.021287,1.574246,0.018673,1.574048,0.018673,1.168373,0.008465,0.022532,0.927923,0.929575,0.929569,0.910938,True
50,218.0,63,True,1.525902,0.022781,1.576639,0.020291,1.576441,0.020291,1.171173,0.008714,0.024399,0.929406,0.930988,0.930982,0.913121,True
50,228.0,61,True,1.537475,0.02415,1.588483,0.021287,1.588284,0.020416,1.180919,0.009212,0.02552,0.936455,0.937982,0.937976,0.92072,True
50,239.0,58,True,1.536879,0.024773,1.587752,0.022159,1.587553,0.021287,1.181333,0.010083,0.026267,0.936092,0.93755,0.937544,0.921043,True
50,250.0,56,True,1.546302,0.025769,1.597381,0.022906,1.597181,0.022283,1.189383,0.010706,0.026889,0.941831,0.943236,0.94323,0.927319,True
50,262.0,54,True,1.556252,0.027263,1.607553,0.023777,1.607353,0.023279,1.19785,0.011204,0.028258,0.947892,0.949242,0.949237,0.93392,True
50,274.0,52,True,1.563395,0.028507,1.614834,0.024648,1.614633,0.02415,1.204097,0.011826,0.029628,0.952242,0.953541,0.953537,0.938791,True
50,287.0,49,True,1.554841,0.029752,1.605901,0.025893,1.605702,0.025769,1.198251,0.012324,0.030873,0.947032,0.948267,0.948262,0.934233,False
50,301.0,47,True,1.561084,0.030873,1.612254,0.027014,1.612054,0.027014,1.203798,0.012449,0.032366,0.950835,0.952018,0.952014,0.938557,False
50,315.0,45,True,1.564097,0.031869,1.615279,0.028009,1.615079,0.02776,1.206796,0.01332,0.033362,0.95267,0.953804,0.9538,0.940895,True
50,330.0,44,True,1.584475,0.03274,1.636235,0.030126,1.636034,0.029628,1.22319,0.014689,0.034732,0.965082,0.966179,0.966175,0.953677,True
50,345.0,42,True,1.58417,0.034483,1.635841,0.031495,1.635639,0.030748,1.223571,0.015312,0.03635,0.964896,0.965946,0.965942,0.953974,True
50,362.0,40,True,1.585003,0.035852,1.636619,0.033113,1.636417,0.031993,1.224855,0.016308,0.038466,0.965404,0.966405,0.966401,0.954975,True
50,379.0,38,True,1.581984,0.037346,1.633426,0.034109,1.633226,0.03386,1.223106,0.017179,0.039462,0.963565,0.96452,0.964517,0.953611,False
50,397.0,37,True,1.598897,0.039338,1.650815,0.035354,1.650613,0.034981,1.236755,0.018175,0.041578,0.973866,0.974788,0.974785,0.964253,True
50,415.0,35,True,1.591064,0.041952,1.64266,0.037221,1.642459,0.036972,1.231219,0.018797,0.04357,0.969095,0.969973,0.969969,0.959936,False
50,435.0,34,True,1.606658,0.043944,1.658691,0.03884,1.658488,0.03884,1.243823,0.019544,0.045438,0.978593,0.979439,0.979435,0.969764,True
50,455.0,32,True,1.595155,0.045562,1.646753,0.040583,1.646552,0.040583,1.235407,0.020291,0.047429,0.971587,0.972389,0.972386,0.963202,False
50,477.0,31,True,1.608594,0.047554,1.660563,0.042201,1.660361,0.042325,1.246312,0.021412,0.049546,0.979773,0.980544,0.980541,0.971704,True
50,499.0,29,True,1.592264,0.050168,1.643649,0.043695,1.643448,0.044193,1.234109,0.022408,0.052035,0.969826,0.970556,0.970554,0.96219,False
50,523.0,28,True,1.602708,0.051911,1.654371,0.045313,1.654169,0.045313,1.242655,0.023279,0.053529,0.976187,0.976888,0.976885,0.968853,False
50,547.0,27,True,1.610408,0.05328,1.662267,0.04718,1.662065,0.046558,1.249042,0.024399,0.055148,0.980878,0.98155,0.981548,0.973832,True
50,573.0,26,True,1.618297,0.055396,1.670357,0.048799,1.670154,0.048674,1.255574,0.025769,0.056766,0.985682,0.986327,0.986325,0.978925,True
50,600.0,25,True,1.624655,0.057015,1.67687,0.051039,1.676666,0.050044,1.260902,0.026516,0.058384,0.989555,0.990173,0.990171,0.98308,True
100,10.0,383,True,0.588771,0.002365,0.616565,0.002365,0.616456,0.002365,0.400996,0.002365,0.002365,0.358613,0.364075,0.364054,0.312642,False
100,11.0,374,True,0.624474,0.002365,0.653472,0.002365,0.653359,0.002365,0.427782,0.002365,0.002365,0.380359,0.385868,0.385847,0.333526,False
100,12.0,366,True,0.658333,0.002365,0.688443,0.002365,0.688326,0.002365,0.453383,0.002365,0.002365,0.400982,0.406518,0.406497,0.353486,False
100,13.0,357,True,0.688801,0.002365,0.719866,0.002365,0.719745,0.002365,0.476698,0.002365,0.002365,0.419539,0.425073,0.425052,0.371664,False
100,14.0,349,True,0.717901,0.002365,0.749861,0.002365,0.749736,0.002365,0.499097,0.002365,0.002365,0.437264,0.442785,0.442764,0.389128,False
100,15.0,342,True,0.745963,0.002365,0.778774,0.002365,0.778646,0.002365,0.520793,0.002365,0.002365,0.454356,0.459857,0.459836,0.406044,False
100,16.0,335,True,0.77214,0.00249,0.805721,0.002365,0.80559,0.002365,0.541183,0.002365,0.00249,0.4703,0.47577,0.475749,0.421941,False
100,17.0,328,True,0.796534,0.002863,0.830814,0.00249,0.830681,0.002365,0.560323,0.002365,0.002863,0.485158,0.490587,0.490566,0.436864,False
100,18.0,321,True,0.819237,0.002863,0.854149,0.002739,0.854012,0.002365,0.578264,0.002365,0.003112,0.498986,0.504365,0.504345,0.450852,False
100,19.0,315,True,0.841665,0.002863,0.877202,0.002863,0.877063,0.00249,0.595998,0.002365,0.003237,0.512646,0.517978,0.517958,0.464678,False
100,20.0,309,True,0.862672,0.003486,0.898781,0.002863,0.89864,0.002614,0.612711,0.002365,0.003486,0.525442,0.53072,0.5307,0.477708,False
100,21.0,303,True,0.882322,0.003735,0.918952,0.002863,0.918809,0.002739,0.628439,0.002365,0.003735,0.53741,0.542631,0.542611,0.489971,False
100,22.0,297,True,0.900668,0.003859,0.937772,0.002863,0.937628,0.002739,0.643217,0.002365,0.003859,0.548585,0.553744,0.553725,0.501493,False
100,23.0,292,True,0.919337,0.004108,0.956935,0.002863,0.956788,0.002988,0.658201,0.002365,0.004108,0.559956,0.565059,0.56504,0.513176,False
100,24.0,286,True,0.935282,0.004357,0.973268,0.002988,0.973119,0.003237,0.67121,0.002365,0.004482,0.569667,0.574704,0.574685,0.523318,False
100,25.0,281,True,0.951751,0.004357,0.990153,0.003361,0.990003,0.00361,0.684568,0.00249,0.004482,0.579699,0.584674,0.584656,0.533733,False
100,26.0,276,True,0.967206,0.004482,1.005988,0.003486,1.005837,0.00361,0.69717,0.00249,0.004606,0.589112,0.594025,0.594006,0.543558,False
100,28.0,267,True,0.997065,0.004606,1.036585,0.003859,1.036431,0.003859,0.72154,0.00249,0.005104,0.607299,0.612092,0.612074,0.562559,False
100,29.0,263,True,1.011641,0.004606,1.051523,0.004108,1.051368,0.003984,0.733433,0.00249,0.005104,0.616177,0.620913,0.620895,0.571831,False
100,30.0,258,True,1.023448,0.004606,1.06359,0.004108,1.063434,0.004233,0.743292,0.00249,0.005228,0.623368,0.628038,0.628021,0.579518,False
100,32.0,250,True,1.048642,0.004855,1.089379,0.004357,1.08922,0.004606,0.764079,0.00249,0.005477,0.638713,0.643266,0.643249,0.595725,False
100,33.0,246,True,1.060141,0.005104,1.10114,0.004357,1.100981,0.00473,0.773637,0.00249,0.005851,0.645717,0.650211,0.650194,0.603177,False
100,35.0,239,True,1.083299,0.005726,1.124842,0.005104,1.124681,0.004855,0.7928,0.00249,0.006224,0.659822,0.664207,0.66419,0.618117,False
100,36.0,235,True,1.092777,0.005851,1.134519,0.005353,1.134356,0.004979,0.80081,0.00249,0.006473,0.665596,0.669921,0.669904,0.624362,False
100,38.0,229,True,1.114627,0.0061,1.156887,0.005602,1.156722,0.005477,0.818887,0.00249,0.006847,0.678904,0.683129,0.683113,0.638456,False
100,40.0,222,True,1.131819,0.006722,1.174436,0.005975,1.17427,0.005477,0.83346,0.002614,0.007096,0.689376,0.693491,0.693476,0.649819,False
100,42.0,216,True,1.14942,0.006722,1.192423,0.0061,1.192255,0.005726,0.848254,0.002863,0.00722,0.700096,0.704112,0.704097,0.661353,False
100,44.0,210,True,1.165064,0.006722,1.208393,0.006473,1.208224,0.005975,0.86153,0.002988,0.007469,0.709625,0.713543,0.713528,0.671704,False
100,46.0,205,True,1.181699,0.007096,1.225402,0.006598,1.225232,0.006598,0.875471,0.002988,0.007718,0.719756,0.723586,0.723572,0.682573,False
100,48.0,200,True,1.196716,0.007718,1.240745,0.007096,1.240573,0.006847,0.88815,0.002988,0.008092,0.728903,0.732646,0.732632,0.692458,False
100,50.0,195,True,1.210165,0.008341,1.254472,0.007594,1.254299,0.007345,0.899605,0.003237,0.008714,0.737095,0.740752,0.740738,0.70139,False
100,52.0,190,True,1.222087,0.008839,1.266626,0.007718,1.266452,0.007469,0.909867,0.003237,0.009212,0.744357,0.747928,0.747915,0.70939,False
100,55.0,184,True,1.242259,0.009212,1.287245,0.008216,1.287069,0.008092,0.926864,0.003237,0.009461,0.756643,0.760104,0.760091,0.722643,False
100,57.0,179,True,1.250686,0.009585,1.295799,0.00859,1.295623,0.008341,0.934388,0.003486,0.010208,0.761776,0.765155,0.765142,0.728508,False
100,60.0,173,True,1.26617,0.010083,1.311589,0.008839,1.311412,0.008839,0.947706,0.003859,0.010955,0.771207,0.774478,0.774466,0.738892,False
100,63.0,168,True,1.282874,0.010581,1.328658,0.009585,1.32848,0.009336,0.961845,0.004482,0.011826,0.781381,0.784558,0.784546,0.749916,False
100,66.0,163,True,1.297377,0.011204,1.343461,0.009959,1.343281,0.010332,0.97425,0.00473,0.012573,0.790215,0.793299,0.793287,0.759587,False
100,69.0,158,True,1.309741,0.012075,1.356061,0.010581,1.355881,0.010581,0.984969,0.004855,0.013196,0.797745,0.800739,0.800728,0.767945,False
100,72.0,153,True,1.320018,0.012698,1.366512,0.011204,1.36633,0.011453,0.994044,0.004979,0.014191,0.804005,0.80691,0.806899,0.77502,False
100,76.0,148,True,1.338098,0.013942,1.384993,0.011951,1.384811,0.011702,1.009337,0.005726,0.015187,0.815017,0.817823,0.817813,0.786944,False
100,79.0,144,True,1.348637,0.014565,1.395738,0.012324,1.395555,0.012075,1.018461,0.0061,0.015561,0.821436,0.824168,0.824158,0.794057,False
100,83.0,139,True,1.361797,0.015063,1.409154,0.012698,1.408969,0.012698,1.029865,0.006473,0.016059,0.829452,0.83209,0.83208,0.802949,False
100,87.0,134,True,1.372277,0.015561,1.41981,0.013942,1.419625,0.013694,1.039152,0.006847,0.01693,0.835835,0.838382,0.838373,0.810189,False
100,91.0,129,True,1.380131,0.016557,1.427761,0.014814,1.427576,0.014191,1.046365,0.00722,0.017802,0.840619,0.843077,0.843068,0.815813,False
100,95.0,125,True,1.390971,0.017428,1.438814,0.015685,1.438627,0.01444,1.055766,0.007469,0.018424,0.847222,0.849604,0.849595,0.823142,False
100,100.0,121,True,1.407403,0.017926,1.455623,0.016432,1.455435,0.015436,1.069616,0.007594,0.019171,0.85723,0.859529,0.85952,0.833941,False
100,104.0,117,True,1.413797,0.018922,1.462097,0.01693,1.461908,0.01693,1.075498,0.007967,0.020416,0.861125,0.863352,0.863343,0.838527,False
100,109.0,113,True,1.425264,0.020042,1.473793,0.017677,1.473604,0.017926,1.085417,0.008216,0.021661,0.868109,0.870258,0.87025,0.84626,False
100,115.0,108,True,1.434322,0.02191,1.48298,0.019295,1.482791,0.019046,1.093635,0.00859,0.02303,0.873626,0.875683,0.875676,0.852668,False
100,120.0,105,True,1.447063,0.023154,1.496017,0.020291,1.495826,0.020416,1.10437,0.008714,0.024648,0.881386,0.883381,0.883374,0.861037,False
100,126.0,101,True,1.45692,0.024399,1.506054,0.021785,1.505863,0.020665,1.113028,0.009212,0.025769,0.88739,0.889308,0.889301,0.867788,False
100,131.0,97,True,1.457855,0.024897,1.506903,0.022283,1.506712,0.021536,1.114618,0.010332,0.026391,0.887959,0.88981,0.889803,0.869027,False
100,138.0,93,True,1.467733,0.026391,1.516962,0.02303,1.51677,0.022657,1.123307,0.010706,0.027387,0.893976,0.895749,0.895743,0.875802,False
100,144.0,90,True,1.476976,0.027636,1.526395,0.024026,1.526203,0.023777,1.131281,0.011328,0.028756,0.899606,0.90132,0.901313,0.882019,False
100,151.0,87,True,1.489244,0.029254,1.538944,0.025022,1.538751,0.024399,1.141653,0.0122,0.030126,0.907078,0.90873,0.908723,0.890106,False
100,158.0,83,True,1.489966,0.029877,1.539572,0.026142,1.539379,0.026018,1.143104,0.012449,0.030997,0.907518,0.9091,0.909094,0.891237,False
100,165.0,80,True,1.496712,0.030997,1.546433,0.027138,1.546239,0.027014,1.14911,0.012573,0.032491,0.911627,0.913151,0.913146,0.895919,False
100,173.0,77,True,1.505523,0.032118,1.555421,0.028632,1.555226,0.028134,1.156753,0.01332,0.033736,0.916993,0.918459,0.918453,0.901878,False
100,181.0,74,True,1.511447,0.033238,1.561434,0.030375,1.561239,0.029752,1.162115,0.014814,0.034981,0.920601,0.92201,0.922004,0.906059,False
100,190.0,71,True,1.518715,0.034856,1.568833,0.031869,1.568638,0.030997,1.168543,0.015561,0.036972,0.925028,0.926379,0.926373,0.91107,False
100,199.0,69,True,1.533935,0.035977,1.584454,0.033238,1.584257,0.032242,1.18103,0.016681,0.038715,0.934299,0.935602,0.935598,0.920806,False
100,208.0,66,True,1.535338,0.037968,1.58581,0.034483,1.585613,0.034234,1.182824,0.017304,0.040209,0.935154,0.936403,0.936399,0.922205,False
100,218.0,63,True,1.537272,0.039711,1.587713,0.035852,1.587516,0.03523,1.185044,0.018424,0.042076,0.936331,0.937527,0.937522,0.923936,False
100,228.0,61,True,1.548451,0.042325,1.599171,0.037346,1.598973,0.037719,1.194336,0.019046,0.043819,0.943141,0.944293,0.944288,0.931181,False
100,239.0,58,True,1.547367,0.044317,1.597963,0.039462,1.597766,0.039338,1.19418,0.019669,0.04606,0.94248,0.943579,0.943575,0.931059,False
100,250.0,56,True,1.556409,0.046184,1.607219,0.040707,1.607021,0.040832,1.201785,0.02054,0.047554,0.947988,0.949045,0.949041,0.936988,False
100,262.0,54,True,1.565977,0.048176,1.617018,0.042823,1.616819,0.042823,1.209804,0.021412,0.050168,0.953815,0.954831,0.954828,0.94324,False
100,274.0,52,True,1.572753,0.050417,1.62394,0.044068,1.62374,0.044442,1.215619,0.022657,0.052284,0.957942,0.958918,0.958915,0.947774,False
100,287.0,49,True,1.563741,0.05216,1.614561,0.045936,1.614362,0.045438,1.209228,0.023403,0.053903,0.952453,0.95338,0.953377,0.942791,False
100,301.0,47,True,1.569619,0.053654,1.620556,0.047678,1.620358,0.047305,1.21434,0.024399,0.055396,0.956033,0.95692,0.956917,0.946777,False
100,315.0,45,True,1.572281,0.055521,1.623238,0.049421,1.62304,0.049421,1.21692,0.026142,0.057264,0.957655,0.958504,0.958501,0.948789,False
100,330.0,44,True,1.5924,0.057637,1.643943,0.051413,1.643742,0.050417,1.233009,0.026516,0.058882,0.969909,0.97073,0.970727,0.961332,False
100,345.0,42,True,1.591759,0.059629,1.643221,0.053529,1.64302,0.052658,1.232986,0.028134,0.061496,0.969519,0.970304,0.970301,0.961315,False
100,362.0,40,True,1.59225,0.062741,1.643665,0.054899,1.643464,0.055272,1.233858,0.02913,0.064235,0.969818,0.970566,0.970563,0.961994,False
100,379.0,38,True,1.588902,0.065853,1.640151,0.05689,1.639952,0.056766,1.231711,0.030873,0.067472,0.967779,0.968491,0.968489,0.96032,False
100,397.0,37,True,1.60558,0.068468,1.657311,0.060002,1.65711,0.059629,1.245078,0.031993,0.069961,0.977937,0.978624,0.978621,0.970742,False
100,415.0,35,True,1.597433,0.070584,1.64885,0.061372,1.64865,0.061372,1.23916,0.033362,0.072327,0.972974,0.973628,0.973625,0.966128,False
100,435.0,34,True,1.612801,0.073074,1.664661,0.064235,1.664459,0.063986,1.251491,0.034856,0.075439,0.982335,0.982964,0.982961,0.975742,False
100,455.0,32,True,1.600992,0.076435,1.652425,0.066476,1.652225,0.0666,1.242701,0.036848,0.078426,0.975142,0.975739,0.975736,0.968889,False
100,477.0,31,True,1.614215,0.079422,1.666025,0.069214,1.665823,0.06909,1.253342,0.038217,0.08129,0.983196,0.983769,0.983767,0.977185,False
100,499.0,29,True,1.597588,0.081539,1.648821,0.07158,1.648621,0.070708,1.240775,0.039836,0.083779,0.973069,0.97361,0.973608,0.967387,False
100,523.0,28,True,1.607825,0.085024,1.659342,0.074692,1.659141,0.073572,1.249069,0.040956,0.088261,0.979304,0.979823,0.979821,0.973853,False
100,547.0,27,True,1.615329,0.088136,1.667047,0.076933,1.666845,0.076061,1.255214,0.042325,0.090875,0.983875,0.984373,0.984371,0.978645,False
100,573.0,26,True,1.623021,0.092493,1.674946,0.080294,1.674743,0.0788,1.261505,0.044068,0.094983,0.98856,0.989037,0.989035,0.98355,True
100,600.0,25,True,1.629189,0.096353,1.681273,0.083157,1.681069,0.081663,1.266599,0.045562,0.098469,0.992317,0.992773,0.992771,0.987521,True
200,10.0,383,True,0.808576,0.005104,0.835297,0.004357,0.835193,0.00473,0.621848,0.00249,0.005851,0.492492,0.493234,0.493231,0.484832,False
200,11.0,374,True,0.839964,0.005851,0.867608,0.005353,0.8675,0.004979,0.64687,0.00249,0.006473,0.511611,0.512313,0.51231,0.504341,False
200,12.0,366,True,0.869567,0.006224,0.898085,0.005975,0.897974,0.005477,0.670437,0.002614,0.006971,0.529641,0.530309,0.530307,0.522715,False
200,13.0,357,True,0.895352,0.006722,0.924627,0.006224,0.924513,0.005726,0.690995,0.002988,0.00722,0.545347,0.545982,0.54598,0.538743,False
200,14.0,349,True,0.919984,0.007096,0.949987,0.006598,0.94987,0.006473,0.710607,0.002988,0.007594,0.56035,0.560957,0.560954,0.554034,False
200,15.0,342,True,0.943837,0.008092,0.974548,0.007345,0.974429,0.007096,0.729571,0.003237,0.008465,0.574878,0.57546,0.575458,0.56882,False
200,16.0,335,True,0.965806,0.008839,0.99717,0.007843,0.997047,0.007594,0.747039,0.003237,0.009212,0.588259,0.588818,0.588815,0.582439,False
200,17.0,328,True,0.986016,0.009336,1.017979,0.008216,1.017854,0.008092,0.763111,0.003237,0.009585,0.600569,0.601105,0.601103,0.59497,False
200,18.0,321,True,1.004571,0.009959,1.037084,0.008839,1.036957,0.008839,0.777873,0.00361,0.010955,0.61187,0.612387,0.612385,0.606479,False
200,19.0,315,True,1.023187,0.010581,1.056255,0.009461,1.056126,0.009336,0.792655,0.004233,0.011826,0.623209,0.623707,0.623705,0.618005,False
200,20.0,309,True,1.040436,0.01083,1.074019,0.009834,1.073888,0.010332,0.806356,0.00473,0.012324,0.633716,0.634196,0.634194,0.628686,False
200,21.0,303,True,1.056386,0.011951,1.090443,0.010581,1.090311,0.010581,0.819028,0.004855,0.013071,0.64343,0.643895,0.643893,0.638567,False
200,22.0,297,True,1.071093,0.012698,1.105588,0.011204,1.105453,0.011453,0.830719,0.004979,0.014191,0.652388,0.652837,0.652836,0.647681,False
200,23.0,292,True,1.08647,0.013694,1.121426,0.011951,1.12129,0.011702,0.842913,0.005602,0.015063,0.661754,0.66219,0.662188,0.657188,False
200,24.0,286,True,1.098898,0.014565,1.134223,0.012324,1.134085,0.012075,0.852803,0.005975,0.015561,0.669324,0.669746,0.669744,0.6649,False
200,25.0,281,True,1.112198,0.014814,1.14792,0.012698,1.147781,0.012449,0.863357,0.0061,0.015934,0.677424,0.677834,0.677832,0.673128,False
200,26.0,276,True,1.124542,0.015312,1.160633,0.01332,1.160492,0.013071,0.873156,0.006598,0.016557,0.684943,0.685341,0.685339,0.680768,False
200,28.0,267,True,1.148637,0.016806,1.185451,0.014938,1.185307,0.014191,0.892263,0.00722,0.017802,0.699619,0.699996,0.699994,0.695665,False
200,29.0,263,True,1.160556,0.017428,1.197728,0.015685,1.197583,0.01444,0.901702,0.007469,0.018424,0.706878,0.707245,0.707244,0.703024,False
200,30.0,258,True,1.169475,0.017802,1.206912,0.016183,1.206766,0.014938,0.908802,0.007594,0.018797,0.712311,0.712668,0.712667,0.70856,False
200,32.0,250,True,1.189609,0.019295,1.22765,0.017055,1.227502,0.017055,0.924763,0.008092,0.020416,0.724574,0.724914,0.724913,0.721004,False
200,33.0,246,True,1.198649,0.019793,1.236962,0.017553,1.236813,0.017802,0.931935,0.008216,0.021536,0.730081,0.730412,0.730411,0.726596,False
200,35.0,239,True,1.217305,0.021661,1.256179,0.019046,1.256028,0.019046,0.946708,0.00859,0.022781,0.741444,0.74176,0.741759,0.738114,False
200,36.0,235,True,1.224454,0.022532,1.263542,0.019918,1.263389,0.020167,0.952392,0.008714,0.024026,0.745798,0.746107,0.746106,0.742546,False
200,38.0,229,True,1.242324,0.024275,1.281952,0.021287,1.281798,0.020416,0.966524,0.009212,0.025644,0.756682,0.756979,0.756977,0.753564,False
200,40.0,222,True,1.255402,0.024897,1.295421,0.022283,1.295265,0.021536,0.976911,0.010332,0.026391,0.764648,0.764932,0.764931,0.761662,False
200,42.0,216,True,1.269302,0.026267,1.309739,0.02303,1.309582,0.022408,0.987921,0.010706,0.027387,0.773114,0.773386,0.773385,0.770246,False
200,44.0,210,True,1.281368,0.027636,1.322167,0.024026,1.322008,0.023777,0.997491,0.011328,0.028756,0.780464,0.780725,0.780724,0.777708,False
200,46.0,205,True,1.294814,0.029005,1.336021,0.024897,1.33586,0.024275,1.008123,0.0122,0.030001,0.788654,0.788906,0.788905,0.785997,False
200,48.0,200,True,1.306747,0.029877,1.348315,0.025893,1.348152,0.026018,1.017567,0.012449,0.030997,0.795922,0.796165,0.796164,0.79336,False
200,50.0,195,True,1.317208,0.030873,1.35909,0.027014,1.358927,0.027014,1.025855,0.012449,0.032366,0.802293,0.802528,0.802527,0.799822,False
200,52.0,190,True,1.326231,0.031869,1.368383,0.027885,1.368219,0.027512,1.033014,0.01332,0.033238,0.807789,0.808015,0.808014,0.805404,False
200,55.0,184,True,1.342616,0.03274,1.385267,0.03025,1.3851,0.029628,1.045959,0.014689,0.034732,0.817769,0.817985,0.817984,0.815497,False
200,57.0,179,True,1.348339,0.033736,1.391158,0.031122,1.390991,0.030624,1.05053,0.015187,0.035728,0.821255,0.821463,0.821462,0.81906,False
200,60.0,173,True,1.360302,0.035852,1.40348,0.033113,1.403312,0.031869,1.060005,0.016308,0.038342,0.828541,0.828739,0.828739,0.826447,False
200,63.0,168,True,1.373894,0.037346,1.417486,0.034109,1.417316,0.03386,1.070738,0.017179,0.039462,0.83682,0.83701,0.837009,0.834816,False
200,66.0,163,True,1.385407,0.039338,1.429348,0.035354,1.429177,0.034981,1.079841,0.018175,0.041578,0.843832,0.844014,0.844013,0.841913,False
200,69.0,158,True,1.394893,0.041952,1.43912,0.037221,1.438947,0.037097,1.087355,0.018797,0.04357,0.84961,0.849784,0.849784,0.847771,False
200,72.0,153,True,1.402392,0.043695,1.446843,0.038715,1.44667,0.03884,1.093311,0.019544,0.045189,0.854178,0.854345,0.854344,0.852415,False
200,76.0,148,True,1.417359,0.045936,1.462267,0.040583,1.462092,0.040707,1.105115,0.020416,0.047554,0.863294,0.863452,0.863452,0.861618,False
200,79.0,144,True,1.42559,0.047429,1.470748,0.042201,1.470571,0.042201,1.111626,0.021287,0.049421,0.868307,0.86846,0.86846,0.866694,False
200,83.0,139,True,1.435876,0.050168,1.481345,0.043819,1.481167,0.044317,1.119761,0.022408,0.052035,0.874572,0.874718,0.874717,0.873037,False
200,87.0,134,True,1.443599,0.051911,1.4893,0.045313,1.489121,0.045313,1.125889,0.023403,0.053529,0.879277,0.879415,0.879414,0.877815,False
200,91.0,129,True,1.448801,0.05328,1.494654,0.04718,1.494475,0.046558,1.130042,0.024399,0.055148,0.882445,0.882576,0.882576,0.881053,False
200,95.0,125,True,1.457349,0.055148,1.503461,0.048799,1.503281,0.048674,1.136798,0.025644,0.056641,0.887651,0.887777,0.887777,0.88632,False
200,100.0,121,True,1.471297,0.057139,1.517838,0.051039,1.517657,0.050168,1.14778,0.026516,0.058509,0.896147,0.896267,0.896266,0.894882,False
200,104.0,117,True,1.475577,0.058384,1.522244,0.052284,1.522062,0.051662,1.151193,0.027512,0.059754,0.898754,0.898868,0.898868,0.897544,False
200,109.0,113,True,1.484759,0.061496,1.531705,0.054276,1.531522,0.054525,1.158443,0.028632,0.062866,0.904346,0.904455,0.904455,0.903196,False
200,115.0,108,True,1.491144,0.065106,1.538281,0.056766,1.538097,0.056392,1.163519,0.030624,0.066849,0.908236,0.908338,0.908338,0.907153,False
200,120.0,105,True,1.502056,0.067596,1.549529,0.05938,1.549344,0.058509,1.172105,0.031744,0.069463,0.914882,0.91498,0.914979,0.913848,False
200,126.0,101,True,1.509708,0.070459,1.557413,0.061247,1.557226,0.061123,1.178155,0.033238,0.072078,0.919542,0.919635,0.919634,0.918564,False
200,131.0,97,True,1.508703,0.072078,1.556368,0.063364,1.556182,0.063737,1.17743,0.034483,0.074318,0.91893,0.919018,0.919018,0.918,False
200,138.0,93,True,1.51638,0.076061,1.564278,0.066102,1.564091,0.066227,1.1835,0.036599,0.078178,0.923606,0.923689,0.923689,0.922732,False
200,144.0,90,True,1.523928,0.079049,1.572058,0.068343,1.57187,0.068468,1.189452,0.037719,0.080667,0.928204,0.928283,0.928282,0.927372,False
200,151.0,87,True,1.534432,0.081041,1.582884,0.070957,1.582695,0.070459,1.197715,0.039587,0.083157,0.934601,0.934676,0.934675,0.933815,False
200,158.0,83,True,1.533208,0.084028,1.581615,0.074069,1.581426,0.073198,1.196819,0.040707,0.087638,0.933856,0.933926,0.933926,0.933117,False
200,165.0,80,True,1.538338,0.087016,1.586899,0.076559,1.58671,0.07519,1.200878,0.042201,0.089879,0.93698,0.937046,0.937046,0.936281,False
200,173.0,77,True,1.545488,0.091124,1.594268,0.079422,1.594078,0.077804,1.206517,0.043197,0.093738,0.941336,0.941398,0.941398,0.940678,False
200,181.0,74,True,1.549823,0.095979,1.598733,0.082037,1.598543,0.08129,1.209954,0.04494,0.097971,0.943976,0.944034,0.944034,0.943357,False
200,190.0,71,True,1.555476,0.098469,1.604558,0.085149,1.604367,0.084277,1.214421,0.04718,0.101208,0.947419,0.947474,0.947474,0.94684,False
200,199.0,69,True,1.569409,0.101208,1.618924,0.089381,1.618731,0.086269,1.225348,0.04855,0.104195,0.955905,0.955957,0.955957,0.95536,False
200,208.0,66,True,1.569329,0.10544,1.618836,0.091996,1.618643,0.091249,1.225331,0.049795,0.108677,0.955857,0.955905,0.955905,0.955346,False
200,218.0,63,True,1.569764,0.108552,1.61928,0.09573,1.619086,0.09461,1.225717,0.051537,0.111789,0.956122,0.956167,0.956166,0.955647,False
200,228.0,61,True,1.579762,0.113158,1.629587,0.097846,1.629393,0.097722,1.233565,0.053778,0.115399,0.962211,0.962253,0.962253,0.961766,False
200,239.0,58,True,1.577232,0.118138,1.626973,0.10183,1.626779,0.101332,1.231633,0.055521,0.120005,0.960671,0.960709,0.960709,0.960259,False
200,250.0,56,True,1.585142,0.12237,1.635127,0.105565,1.634932,0.104942,1.237848,0.057762,0.124113,0.965488,0.965524,0.965524,0.965105,False
200,262.0,54,True,1.593577,0.127848,1.643823,0.109922,1.643627,0.110917,1.244473,0.060376,0.130586,0.970626,0.970659,0.970659,0.97027,False
200,274.0,52,True,1.59927,0.133076,1.649691,0.114528,1.649495,0.114279,1.248955,0.06187,0.135441,0.974093,0.974125,0.974124,0.973765,False
200,287.0,49,True,1.588924,0.138927,1.639015,0.119009,1.638819,0.119258,1.24091,0.065106,0.141292,0.967792,0.96782,0.96782,0.967492,False
200,301.0,47,True,1.593731,0.145276,1.643969,0.123989,1.643773,0.124362,1.244699,0.067223,0.148512,0.97072,0.970746,0.970746,0.970446,False
200,315.0,45,True,1.595371,0.152122,1.645657,0.127723,1.645461,0.129341,1.24601,0.07021,0.154612,0.971718,0.971742,0.971742,0.971469,False
200,330.0,44,True,1.614731,0.158471,1.665623,0.133823,1.665425,0.134072,1.261162,0.073323,0.160463,0.983511,0.983532,0.983532,0.983282,False
200,345.0,42,True,1.613119,0.164322,1.663957,0.138802,1.663759,0.139798,1.259931,0.076684,0.165816,0.982529,0.982548,0.982548,0.982323,False
200,362.0,40,True,1.612621,0.170671,1.66344,0.14428,1.663241,0.146147,1.259571,0.078551,0.171293,0.982225,0.982243,0.982243,0.982042,False
200,379.0,38,True,1.608325,0.177269,1.659005,0.149508,1.658807,0.150504,1.256243,0.081414,0.179012,0.979609,0.979624,0.979624,0.979447,False
200,397.0,37,True,1.624323,0.183618,1.675504,0.155733,1.675305,0.157724,1.268764,0.083406,0.186481,0.989353,0.989367,0.989367,0.989209,True
200,415.0,35,True,1.615278,0.19146,1.66617,0.162579,1.665972,0.162953,1.261722,0.085896,0.194199,0.983843,0.983855,0.983855,0.983719,False
200,435.0,34,True,1.629994,0.197685,1.681348,0.168679,1.681147,0.169675,1.273242,0.088634,0.200174,0.992807,0.992817,0.992817,0.9927,True
200,455.0,32,True,1.617314,0.20366,1.668266,0.176397,1.668067,0.177144,1.263359,0.091498,0.206772,0.985084,0.985092,0.985092,0.984995,False
200,477.0,31,True,1.629917,0.211752,1.681263,0.185609,1.681063,0.183618,1.273225,0.09461,0.214739,0.99276,0.992767,0.992767,0.992688,False
200,499.0,29,True,1.612447,0.220092,1.66324,0.194199,1.663042,0.192705,1.259598,0.097971,0.222706,0.98212,0.982125,0.982125,0.982063,False
200,523.0,28,True,1.622097,0.230051,1.673192,0.201917,1.672992,0.197809,1.267156,0.102826,0.232292,0.987997,0.988001,0.988001,0.987956,False
200,547.0,27,True,1.629042,0.238641,1.680353,0.209013,1.680153,0.208888,1.2726,0.105814,0.240757,0.992227,0.99223,0.99223,0.9922,False
200,573.0,26,True,1.636177,0.248475,1.687711,0.21698,1.68751,0.2181,1.278192,0.109548,0.251587,0.996573,0.996574,0.996574,0.99656,True
200,600.0,25,True,1.641803,0.257936,1.693512,0.226067,1.69331,0.226192,1.282604,0.114777,0.261048,1.0,1.0,1.0,1.0,True
