elapsed_s,date_obs,pedestal,ccd_temp
0.0,2026-08-28T20:42:00.687,68.77764511108398,-9.5
2.0,2026-08-28T20:42:02.687,68.26564598083496,-9.5
4.0,2026-08-28T20:42:04.687,68.26062965393066,-10.0
6.0,2026-08-28T20:42:06.687,68.78885078430176,-10.0
8.001,2026-08-28T20:42:08.688,68.26531219482422,-10.0
10.001,2026-08-28T20:42:10.688,68.78128242492676,-10.0
12.001,2026-08-28T20:42:12.688,68.77959632873535,-10.0
14.0,2026-08-28T20:42:14.687,68.78318405151367,-10.0
16.0,2026-08-28T20:42:16.687,68.7845458984375,-10.0
18.0,2026-08-28T20:42:18.687,68.78485870361328,-10.0
20.0,2026-08-28T20:42:20.687,68.26776123046875,-10.0
22.0,2026-08-28T20:42:22.687,68.78133201599121,-10.0
24.001,2026-08-28T20:42:24.688,68.78188705444336,-10.0
26.0,2026-08-28T20:42:26.687,68.26294326782227,-10.0
28.0,2026-08-28T20:42:28.687,68.77626991271973,-10.0
30.0,2026-08-28T20:42:30.687,68.78034782409668,-10.0
32.0,2026-08-28T20:42:32.687,68.78438568115234,-10.0
34.0,2026-08-28T20:42:34.687,68.78628730773926,-10.0
36.001,2026-08-28T20:42:36.688,68.26922416687012,-10.0
38.0,2026-08-28T20:42:38.687,68.78217887878418,-10.0
40.0,2026-08-28T20:42:40.687,68.78221702575684,-10.0
42.0,2026-08-28T20:42:42.687,68.26198959350586,-10.0
44.0,2026-08-28T20:42:44.687,68.78053855895996,-10.0
46.0,2026-08-28T20:42:46.687,68.78398323059082,-10.0
48.0,2026-08-28T20:42:48.687,68.26105308532715,-10.0
50.0,2026-08-28T20:42:50.687,68.78026008605957,-10.0
52.001,2026-08-28T20:42:52.688,68.77788925170898,-10.0
54.0,2026-08-28T20:42:54.687,68.77727508544922,-10.0
56.0,2026-08-28T20:42:56.687,68.27047920227051,-10.0
58.0,2026-08-28T20:42:58.687,68.78722381591797,-10.0
60.001,2026-08-28T20:43:00.688,68.77328491210938,-10.0
62.0,2026-08-28T20:43:02.687,68.27597045898438,-10.0
64.0,2026-08-28T20:43:04.687,68.7770938873291,-10.0
66.001,2026-08-28T20:43:06.688,68.78473091125488,-10.0
68.0,2026-08-28T20:43:08.687,68.78487396240234,-10.0
70.001,2026-08-28T20:43:10.688,68.27612686157227,-10.0
72.0,2026-08-28T20:43:12.687,68.78044509887695,-10.0
74.0,2026-08-28T20:43:14.687,68.26578521728516,-10.0
76.001,2026-08-28T20:43:16.688,68.26693916320801,-10.0
78.0,2026-08-28T20:43:18.687,68.27747344970703,-10.0
80.0,2026-08-28T20:43:20.687,68.26467895507812,-10.0
82.0,2026-08-28T20:43:22.687,68.77736473083496,-10.0
84.001,2026-08-28T20:43:24.688,68.78033447265625,-10.0
86.0,2026-08-28T20:43:26.687,68.26546669006348,-10.0
88.001,2026-08-28T20:43:28.688,68.78787803649902,-10.0
90.0,2026-08-28T20:43:30.687,68.26609992980957,-10.0
92.0,2026-08-28T20:43:32.687,68.26529884338379,-10.0
94.001,2026-08-28T20:43:34.688,68.77921295166016,-10.0
96.001,2026-08-28T20:43:36.688,68.77816963195801,-10.0
98.0,2026-08-28T20:43:38.687,68.7775650024414,-10.0
100.0,2026-08-28T20:43:40.687,68.77912712097168,-10.0
102.0,2026-08-28T20:43:42.687,68.2684097290039,-10.0
104.0,2026-08-28T20:43:44.687,68.78311538696289,-10.5
106.001,2026-08-28T20:43:46.688,68.27289199829102,-10.5
108.0,2026-08-28T20:43:48.687,68.77969169616699,-10.5
110.0,2026-08-28T20:43:50.687,68.26696395874023,-10.5
112.0,2026-08-28T20:43:52.687,68.77649879455566,-10.5
114.0,2026-08-28T20:43:54.687,68.26943969726562,-10.5
116.0,2026-08-28T20:43:56.687,68.27039527893066,-10.5
118.0,2026-08-28T20:43:58.687,68.78280830383301,-10.5
120.0,2026-08-28T20:44:00.687,68.79330825805664,-10.0
122.0,2026-08-28T20:44:02.687,68.77815437316895,-10.0
124.0,2026-08-28T20:44:04.687,68.77867889404297,-10.0
126.0,2026-08-28T20:44:06.687,68.78188514709473,-10.0
128.0,2026-08-28T20:44:08.687,68.77285575866699,-10.0
130.0,2026-08-28T20:44:10.687,68.77957534790039,-10.0
132.0,2026-08-28T20:44:12.687,68.27453994750977,-10.0
134.0,2026-08-28T20:44:14.687,68.77741241455078,-10.0
136.0,2026-08-28T20:44:16.687,68.27346801757812,-10.0
138.001,2026-08-28T20:44:18.688,68.78248596191406,-10.0
140.001,2026-08-28T20:44:20.688,68.77082824707031,-10.0
142.0,2026-08-28T20:44:22.687,68.78608322143555,-10.0
144.0,2026-08-28T20:44:24.687,68.78594207763672,-10.0
146.0,2026-08-28T20:44:26.687,68.77510643005371,-10.5
148.0,2026-08-28T20:44:28.687,68.77655410766602,-10.5
150.0,2026-08-28T20:44:30.687,68.26092910766602,-10.5
152.001,2026-08-28T20:44:32.688,68.26374244689941,-10.5
154.001,2026-08-28T20:44:34.688,68.78252029418945,-10.5
156.0,2026-08-28T20:44:36.687,68.78278541564941,-10.5
158.0,2026-08-28T20:44:38.687,68.78089332580566,-10.0
160.0,2026-08-28T20:44:40.687,68.26493835449219,-10.0
162.0,2026-08-28T20:44:42.687,68.77809715270996,-10.0
164.0,2026-08-28T20:44:44.687,68.7840576171875,-10.0
166.0,2026-08-28T20:44:46.687,68.26526641845703,-10.0
168.0,2026-08-28T20:44:48.687,68.26840019226074,-10.0
170.0,2026-08-28T20:44:50.687,68.78256416320801,-10.0
172.0,2026-08-28T20:44:52.687,68.77706909179688,-10.0
174.0,2026-08-28T20:44:54.687,68.7746639251709,-10.0
176.0,2026-08-28T20:44:56.687,68.78027153015137,-10.0
178.0,2026-08-28T20:44:58.687,68.26587677001953,-10.0
180.0,2026-08-28T20:45:00.687,68.78273963928223,-10.0
182.0,2026-08-28T20:45:02.687,68.78085327148438,-10.0
184.001,2026-08-28T20:45:04.688,68.26483154296875,-10.0
186.0,2026-08-28T20:45:06.687,68.78610420227051,-10.0
188.0,2026-08-28T20:45:08.687,68.77900695800781,-10.0
190.001,2026-08-28T20:45:10.688,68.7813777923584,-10.0
192.0,2026-08-28T20:45:12.687,68.26347160339355,-10.0
194.0,2026-08-28T20:45:14.687,68.77720069885254,-10.0
196.0,2026-08-28T20:45:16.687,68.26424407958984,-10.0
198.0,2026-08-28T20:45:18.687,68.26806831359863,-10.0
200.0,2026-08-28T20:45:20.687,68.27059364318848,-10.0
202.0,2026-08-28T20:45:22.687,68.77805709838867,-10.0
204.0,2026-08-28T20:45:24.687,68.77873992919922,-10.0
206.0,2026-08-28T20:45:26.687,68.26981735229492,-10.0
208.0,2026-08-28T20:45:28.687,68.77941131591797,-10.0
210.0,2026-08-28T20:45:30.687,68.26451683044434,-10.0
212.0,2026-08-28T20:45:32.687,68.7756462097168,-10.0
214.0,2026-08-28T20:45:34.687,68.77676963806152,-10.0
216.001,2026-08-28T20:45:36.688,68.78527069091797,-10.0
218.0,2026-08-28T20:45:38.687,68.27141571044922,-10.0
220.0,2026-08-28T20:45:40.687,68.26510810852051,-10.0
222.0,2026-08-28T20:45:42.687,68.26733207702637,-10.0
224.0,2026-08-28T20:45:44.687,68.78915023803711,-10.0
226.0,2026-08-28T20:45:46.687,68.78076553344727,-10.0
228.0,2026-08-28T20:45:48.687,68.26532173156738,-10.0
230.0,2026-08-28T20:45:50.687,68.77929306030273,-10.0
232.0,2026-08-28T20:45:52.687,68.2614917755127,-10.0
234.0,2026-08-28T20:45:54.687,68.26727485656738,-10.0
236.0,2026-08-28T20:45:56.687,68.26078796386719,-10.0
238.0,2026-08-28T20:45:58.687,68.2584171295166,-10.0
240.001,2026-08-28T20:46:00.688,68.27140426635742,-10.0
242.001,2026-08-28T20:46:02.688,68.26667404174805,-10.0
244.0,2026-08-28T20:46:04.687,68.26752281188965,-10.0
246.0,2026-08-28T20:46:06.687,68.77773857116699,-10.0
248.001,2026-08-28T20:46:08.688,68.26106452941895,-10.0
250.001,2026-08-28T20:46:10.688,68.27138710021973,-10.0
252.001,2026-08-28T20:46:12.688,68.77470397949219,-10.0
254.0,2026-08-28T20:46:14.687,68.78340339660645,-10.0
256.0,2026-08-28T20:46:16.687,68.26214599609375,-10.0
258.0,2026-08-28T20:46:18.687,68.2621078491211,-10.0
260.0,2026-08-28T20:46:20.687,68.77513694763184,-10.0
262.0,2026-08-28T20:46:22.687,68.26426124572754,-10.0
264.0,2026-08-28T20:46:24.687,68.26082420349121,-10.0
266.0,2026-08-28T20:46:26.687,68.25951385498047,-10.0
268.0,2026-08-28T20:46:28.687,68.26712989807129,-10.5
270.0,2026-08-28T20:46:30.687,68.77995681762695,-10.5
272.0,2026-08-28T20:46:32.687,68.2676773071289,-10.5
274.001,2026-08-28T20:46:34.688,68.26784896850586,-10.0
276.001,2026-08-28T20:46:36.688,68.78081893920898,-10.0
278.0,2026-08-28T20:46:38.687,68.77758979797363,-10.0
280.0,2026-08-28T20:46:40.687,68.77985954284668,-10.0
282.0,2026-08-28T20:46:42.687,68.26506805419922,-10.0
284.001,2026-08-28T20:46:44.688,68.77734375,-10.0
286.0,2026-08-28T20:46:46.687,68.26297950744629,-10.0
288.0,2026-08-28T20:46:48.687,68.2599105834961,-10.0
290.0,2026-08-28T20:46:50.687,68.77570343017578,-10.5
292.0,2026-08-28T20:46:52.687,68.77213859558105,-10.5
294.0,2026-08-28T20:46:54.687,68.26218223571777,-10.5
296.0,2026-08-28T20:46:56.687,68.26290321350098,-10.0
298.0,2026-08-28T20:46:58.687,68.78128814697266,-10.5
300.0,2026-08-28T20:47:00.687,68.77537536621094,-10.5
302.001,2026-08-28T20:47:02.688,68.77613258361816,-10.0
304.0,2026-08-28T20:47:04.687,68.77138710021973,-10.0
306.001,2026-08-28T20:47:06.688,68.2786636352539,-10.0
308.0,2026-08-28T20:47:08.687,68.26774597167969,-10.0
310.0,2026-08-28T20:47:10.687,68.26180267333984,-10.0
312.0,2026-08-28T20:47:12.687,68.77504348754883,-10.0
314.001,2026-08-28T20:47:14.688,68.77490234375,-10.0
316.0,2026-08-28T20:47:16.687,68.27554130554199,-10.0
318.0,2026-08-28T20:47:18.687,68.78299331665039,-10.0
320.0,2026-08-28T20:47:20.687,68.78828620910645,-10.0
322.0,2026-08-28T20:47:22.687,68.77430534362793,-10.0
324.0,2026-08-28T20:47:24.687,68.77883720397949,-10.0
326.0,2026-08-28T20:47:26.687,68.26045036315918,-10.0
328.0,2026-08-28T20:47:28.687,68.25721549987793,-10.0
330.0,2026-08-28T20:47:30.687,68.2728214263916,-10.0
332.0,2026-08-28T20:47:32.687,68.77585792541504,-10.0
334.0,2026-08-28T20:47:34.687,68.77867889404297,-10.0
336.0,2026-08-28T20:47:36.687,68.26595687866211,-10.0
338.0,2026-08-28T20:47:38.687,68.2672176361084,-10.0
340.0,2026-08-28T20:47:40.687,68.7804012298584,-10.0
342.0,2026-08-28T20:47:42.687,68.7816276550293,-10.0
344.001,2026-08-28T20:47:44.688,68.7835807800293,-10.0
346.0,2026-08-28T20:47:46.687,68.77599143981934,-10.0
348.0,2026-08-28T20:47:48.687,68.76768112182617,-10.0
350.0,2026-08-28T20:47:50.687,68.26449394226074,-10.0
352.0,2026-08-28T20:47:52.687,68.77033233642578,-10.0
354.0,2026-08-28T20:47:54.687,68.77620124816895,-10.0
356.0,2026-08-28T20:47:56.687,68.26835250854492,-10.0
358.0,2026-08-28T20:47:58.687,68.26236152648926,-10.0
360.0,2026-08-28T20:48:00.687,68.25557518005371,-10.0
362.0,2026-08-28T20:48:02.687,68.77227401733398,-10.0
364.001,2026-08-28T20:48:04.688,68.26359176635742,-10.0
366.0,2026-08-28T20:48:06.687,68.77870178222656,-10.0
368.0,2026-08-28T20:48:08.687,68.27127456665039,-10.0
370.001,2026-08-28T20:48:10.688,68.78529357910156,-10.0
372.0,2026-08-28T20:48:12.687,68.77374267578125,-10.0
374.001,2026-08-28T20:48:14.688,68.26877021789551,-10.0
376.0,2026-08-28T20:48:16.687,68.77968788146973,-10.0
378.0,2026-08-28T20:48:18.687,68.2713737487793,-10.0
380.0,2026-08-28T20:48:20.687,68.7805347442627,-10.0
382.0,2026-08-28T20:48:22.687,68.26765823364258,-10.0
384.001,2026-08-28T20:48:24.688,68.26875305175781,-10.0
386.0,2026-08-28T20:48:26.687,68.77979278564453,-10.0
388.0,2026-08-28T20:48:28.687,68.7764949798584,-10.0
390.0,2026-08-28T20:48:30.687,68.26044654846191,-10.0
392.0,2026-08-28T20:48:32.687,68.2624683380127,-10.0
394.0,2026-08-28T20:48:34.687,68.26543807983398,-10.0
396.0,2026-08-28T20:48:36.687,68.77678489685059,-10.0
398.001,2026-08-28T20:48:38.688,68.26563835144043,-10.0
400.0,2026-08-28T20:48:40.687,68.78434753417969,-10.0
402.001,2026-08-28T20:48:42.688,68.26594352722168,-10.0
404.0,2026-08-28T20:48:44.687,68.7740249633789,-10.0
406.0,2026-08-28T20:48:46.687,68.78538513183594,-10.0
408.0,2026-08-28T20:48:48.687,68.78544235229492,-10.0
410.0,2026-08-28T20:48:50.687,68.76857948303223,-10.0
412.0,2026-08-28T20:48:52.687,68.7811336517334,-10.0
414.0,2026-08-28T20:48:54.687,68.26820373535156,-10.0
416.0,2026-08-28T20:48:56.687,68.7725601196289,-10.0
418.0,2026-08-28T20:48:58.687,68.77534866333008,-10.0
420.0,2026-08-28T20:49:00.687,68.78143119812012,-10.0
422.001,2026-08-28T20:49:02.688,68.26774787902832,-10.0
424.0,2026-08-28T20:49:04.687,68.77367401123047,-10.0
426.0,2026-08-28T20:49:06.687,68.77300453186035,-10.0
428.0,2026-08-28T20:49:08.687,68.26208877563477,-10.0
430.0,2026-08-28T20:49:10.687,68.26424407958984,-10.0
432.001,2026-08-28T20:49:12.688,68.76776504516602,-10.0
434.0,2026-08-28T20:49:14.687,68.77621459960938,-10.0
436.001,2026-08-28T20:49:16.688,68.26625442504883,-10.0
438.0,2026-08-28T20:49:18.687,68.26412200927734,-10.0
440.001,2026-08-28T20:49:20.688,68.77452659606934,-10.0
442.001,2026-08-28T20:49:22.688,68.25765800476074,-10.0
444.0,2026-08-28T20:49:24.687,68.2631893157959,-10.0
446.0,2026-08-28T20:49:26.687,68.78233337402344,-10.0
448.001,2026-08-28T20:49:28.688,68.78226280212402,-10.0
450.0,2026-08-28T20:49:30.687,68.26725196838379,-10.0
452.0,2026-08-28T20:49:32.687,68.2627944946289,-10.0
454.0,2026-08-28T20:49:34.687,68.7783374786377,-10.0
456.001,2026-08-28T20:49:36.688,68.77743530273438,-10.0
458.001,2026-08-28T20:49:38.688,68.77640151977539,-10.0
460.001,2026-08-28T20:49:40.688,68.77365112304688,-10.0
462.0,2026-08-28T20:49:42.687,68.77437210083008,-10.0
464.0,2026-08-28T20:49:44.687,68.77909469604492,-10.0
466.0,2026-08-28T20:49:46.687,68.77540016174316,-10.0
468.0,2026-08-28T20:49:48.687,68.2703628540039,-10.0
470.0,2026-08-28T20:49:50.687,68.78150177001953,-10.0
472.001,2026-08-28T20:49:52.688,68.26101875305176,-10.0
474.0,2026-08-28T20:49:54.687,68.26212120056152,-10.0
476.001,2026-08-28T20:49:56.688,68.78001403808594,-10.0
478.0,2026-08-28T20:49:58.687,68.78243064880371,-10.0
480.0,2026-08-28T20:50:00.687,68.78093338012695,-10.0
482.0,2026-08-28T20:50:02.687,68.78321838378906,-10.0
484.0,2026-08-28T20:50:04.687,68.26275634765625,-10.0
486.0,2026-08-28T20:50:06.687,68.77886390686035,-10.0
488.0,2026-08-28T20:50:08.687,68.77752113342285,-10.0
490.0,2026-08-28T20:50:10.687,68.7838249206543,-10.0
492.001,2026-08-28T20:50:12.688,68.78109741210938,-10.0
494.001,2026-08-28T20:50:14.688,68.78163146972656,-10.0
496.0,2026-08-28T20:50:16.687,68.26827812194824,-10.0
498.0,2026-08-28T20:50:18.687,68.77960395812988,-10.0
500.001,2026-08-28T20:50:20.688,68.26375770568848,-10.0
502.0,2026-08-28T20:50:22.687,68.26986312866211,-10.0
504.0,2026-08-28T20:50:24.687,68.77521514892578,-10.0
506.0,2026-08-28T20:50:26.687,68.77815055847168,-10.0
508.0,2026-08-28T20:50:28.687,68.26773262023926,-10.0
510.0,2026-08-28T20:50:30.687,68.2643051147461,-10.0
512.0,2026-08-28T20:50:32.687,68.26244354248047,-10.0
514.0,2026-08-28T20:50:34.687,68.25676918029785,-10.0
516.001,2026-08-28T20:50:36.688,68.76704406738281,-10.0
518.0,2026-08-28T20:50:38.687,68.77730751037598,-10.0
520.001,2026-08-28T20:50:40.688,68.26028823852539,-10.0
522.0,2026-08-28T20:50:42.687,68.77398681640625,-10.0
524.0,2026-08-28T20:50:44.687,68.77684593200684,-10.0
526.001,2026-08-28T20:50:46.688,68.2641716003418,-10.0
528.0,2026-08-28T20:50:48.687,68.26167678833008,-10.0
530.0,2026-08-28T20:50:50.687,68.77395057678223,-10.0
532.001,2026-08-28T20:50:52.688,68.26733779907227,-10.0
534.0,2026-08-28T20:50:54.687,68.77663612365723,-10.0
536.0,2026-08-28T20:50:56.687,68.26018142700195,-10.0
538.0,2026-08-28T20:50:58.687,68.7720947265625,-10.0
540.0,2026-08-28T20:51:00.687,68.77651786804199,-10.0
542.0,2026-08-28T20:51:02.687,68.7823371887207,-10.0
544.0,2026-08-28T20:51:04.687,68.2660903930664,-10.0
546.0,2026-08-28T20:51:06.687,68.77535057067871,-10.0
548.0,2026-08-28T20:51:08.687,68.77639770507812,-10.0
550.0,2026-08-28T20:51:10.687,68.25796890258789,-10.0
552.0,2026-08-28T20:51:12.687,68.26295280456543,-10.0
554.001,2026-08-28T20:51:14.688,68.7733268737793,-10.0
556.0,2026-08-28T20:51:16.687,68.77390670776367,-10.0
558.001,2026-08-28T20:51:18.688,68.77205848693848,-10.0
560.0,2026-08-28T20:51:20.687,68.77617073059082,-10.0
562.0,2026-08-28T20:51:22.687,68.26785278320312,-10.0
564.0,2026-08-28T20:51:24.687,68.25739097595215,-10.0
566.0,2026-08-28T20:51:26.687,68.77642440795898,-10.0
568.0,2026-08-28T20:51:28.687,68.26715469360352,-10.0
570.0,2026-08-28T20:51:30.687,68.25962448120117,-10.0
572.0,2026-08-28T20:51:32.687,68.26496124267578,-10.0
574.0,2026-08-28T20:51:34.687,68.77717781066895,-10.0
576.0,2026-08-28T20:51:36.687,68.7741584777832,-10.0
578.0,2026-08-28T20:51:38.687,68.26934623718262,-10.0
580.0,2026-08-28T20:51:40.687,68.25811386108398,-10.0
582.0,2026-08-28T20:51:42.687,68.77190589904785,-10.0
584.0,2026-08-28T20:51:44.687,68.77093696594238,-10.0
586.0,2026-08-28T20:51:46.687,68.26601028442383,-10.0
588.001,2026-08-28T20:51:48.688,68.77128410339355,-10.0
590.0,2026-08-28T20:51:50.687,68.25683212280273,-10.0
592.001,2026-08-28T20:51:52.688,68.26373291015625,-10.0
594.0,2026-08-28T20:51:54.687,68.78076362609863,-10.0
596.0,2026-08-28T20:51:56.687,68.7650032043457,-10.0
598.0,2026-08-28T20:51:58.687,68.26436233520508,-10.0
600.001,2026-08-28T20:52:00.688,68.78336715698242,-10.0
602.0,2026-08-28T20:52:02.687,68.26684379577637,-10.0
604.0,2026-08-28T20:52:04.687,68.78016471862793,-10.0
606.001,2026-08-28T20:52:06.688,68.78374862670898,-10.0
608.0,2026-08-28T20:52:08.687,68.77632713317871,-10.0
610.0,2026-08-28T20:52:10.687,68.7716178894043,-10.0
612.0,2026-08-28T20:52:12.687,68.76912307739258,-10.0
614.0,2026-08-28T20:52:14.687,68.77347755432129,-10.0
616.0,2026-08-28T20:52:16.687,68.77677345275879,-10.0
618.001,2026-08-28T20:52:18.688,68.76952934265137,-10.0
620.001,2026-08-28T20:52:20.688,68.77681159973145,-10.0
622.0,2026-08-28T20:52:22.687,68.26161003112793,-10.0
624.0,2026-08-28T20:52:24.687,68.26480102539062,-10.0
626.0,2026-08-28T20:52:26.687,68.25985527038574,-10.0
628.001,2026-08-28T20:52:28.688,68.27196884155273,-10.0
630.001,2026-08-28T20:52:30.688,68.26352500915527,-10.0
632.0,2026-08-28T20:52:32.687,68.77957725524902,-10.0
634.001,2026-08-28T20:52:34.688,68.77129173278809,-10.0
636.0,2026-08-28T20:52:36.687,68.77411079406738,-10.0
638.001,2026-08-28T20:52:38.688,68.26750183105469,-10.0
640.0,2026-08-28T20:52:40.687,68.26136016845703,-10.0
642.0,2026-08-28T20:52:42.687,68.26143646240234,-10.0
644.0,2026-08-28T20:52:44.687,68.26343727111816,-10.0
646.0,2026-08-28T20:52:46.687,68.76859283447266,-10.0
648.0,2026-08-28T20:52:48.687,68.77915573120117,-10.0
650.0,2026-08-28T20:52:50.687,68.7745590209961,-10.0
652.0,2026-08-28T20:52:52.687,68.76918983459473,-10.0
654.001,2026-08-28T20:52:54.688,68.26505088806152,-10.0
656.0,2026-08-28T20:52:56.687,68.26301574707031,-10.0
658.0,2026-08-28T20:52:58.687,68.26057052612305,-10.0
660.0,2026-08-28T20:53:00.687,68.77005958557129,-10.0
662.0,2026-08-28T20:53:02.687,68.25411796569824,-10.0
664.0,2026-08-28T20:53:04.687,68.26219177246094,-10.0
666.0,2026-08-28T20:53:06.687,68.26961708068848,-10.0
668.0,2026-08-28T20:53:08.687,68.26382446289062,-10.0
670.0,2026-08-28T20:53:10.687,68.25908660888672,-10.0
672.0,2026-08-28T20:53:12.687,68.26456832885742,-10.0
674.0,2026-08-28T20:53:14.687,68.26339149475098,-10.0
676.0,2026-08-28T20:53:16.687,68.77011299133301,-10.0
678.0,2026-08-28T20:53:18.687,68.77471160888672,-10.0
680.0,2026-08-28T20:53:20.687,68.77748107910156,-10.0
682.0,2026-08-28T20:53:22.687,68.26815414428711,-10.0
684.001,2026-08-28T20:53:24.688,68.78294372558594,-10.0
686.0,2026-08-28T20:53:26.687,68.25962448120117,-10.0
688.001,2026-08-28T20:53:28.688,68.26072311401367,-10.0
690.0,2026-08-28T20:53:30.687,68.77592658996582,-10.0
692.0,2026-08-28T20:53:32.687,68.26143264770508,-10.0
694.0,2026-08-28T20:53:34.687,68.76807975769043,-10.0
696.0,2026-08-28T20:53:36.687,68.26375770568848,-10.0
698.0,2026-08-28T20:53:38.687,68.77659606933594,-10.0
700.001,2026-08-28T20:53:40.688,68.26333999633789,-10.0
702.0,2026-08-28T20:53:42.687,68.25996017456055,-10.0
704.0,2026-08-28T20:53:44.687,68.2625503540039,-10.0
706.001,2026-08-28T20:53:46.688,68.25879669189453,-10.0
708.001,2026-08-28T20:53:48.688,68.26367950439453,-10.0
710.0,2026-08-28T20:53:50.687,68.7717170715332,-10.0
712.0,2026-08-28T20:53:52.687,68.7755126953125,-10.0
714.001,2026-08-28T20:53:54.688,68.7721004486084,-10.0
716.0,2026-08-28T20:53:56.687,68.7720832824707,-10.0
718.0,2026-08-28T20:53:58.687,68.26288032531738,-10.0
720.001,2026-08-28T20:54:00.688,68.7750358581543,-10.0
722.001,2026-08-28T20:54:02.688,68.25979423522949,-10.0
724.0,2026-08-28T20:54:04.687,68.76929092407227,-10.0
726.0,2026-08-28T20:54:06.687,68.26367568969727,-10.0
728.0,2026-08-28T20:54:08.687,68.26146697998047,-10.0
730.0,2026-08-28T20:54:10.687,68.78091621398926,-10.0
732.0,2026-08-28T20:54:12.687,68.76712799072266,-10.0
734.0,2026-08-28T20:54:14.687,68.26094055175781,-10.0
736.0,2026-08-28T20:54:16.687,68.25702667236328,-10.0
738.0,2026-08-28T20:54:18.687,68.26088523864746,-10.0
740.0,2026-08-28T20:54:20.687,68.2526683807373,-10.0
742.0,2026-08-28T20:54:22.687,68.77583694458008,-10.0
744.0,2026-08-28T20:54:24.687,68.26529502868652,-10.0
746.0,2026-08-28T20:54:26.687,68.26458930969238,-10.0
748.001,2026-08-28T20:54:28.688,68.25813102722168,-10.0
750.001,2026-08-28T20:54:30.688,68.7718391418457,-10.0
752.0,2026-08-28T20:54:32.687,68.26191329956055,-10.0
754.001,2026-08-28T20:54:34.688,68.76946640014648,-10.0
756.0,2026-08-28T20:54:36.687,68.25748062133789,-10.0
758.001,2026-08-28T20:54:38.688,68.77811431884766,-10.0
760.0,2026-08-28T20:54:40.687,68.26826095581055,-10.0
762.0,2026-08-28T20:54:42.687,68.26304054260254,-10.0
764.0,2026-08-28T20:54:44.687,68.2637882232666,-10.0
766.0,2026-08-28T20:54:46.687,68.26070404052734,-10.0
768.0,2026-08-28T20:54:48.687,68.76729774475098,-10.0
770.001,2026-08-28T20:54:50.688,68.78194427490234,-10.0
772.001,2026-08-28T20:54:52.688,68.77295303344727,-10.0
774.0,2026-08-28T20:54:54.687,68.77284240722656,-10.0
776.001,2026-08-28T20:54:56.688,68.76647567749023,-10.0
778.0,2026-08-28T20:54:58.687,68.78182411193848,-10.0
780.0,2026-08-28T20:55:00.687,68.2552719116211,-10.0
782.0,2026-08-28T20:55:02.687,68.7692985534668,-10.0
784.001,2026-08-28T20:55:04.688,68.77551460266113,-10.0
786.0,2026-08-28T20:55:06.687,68.77876091003418,-10.0
788.0,2026-08-28T20:55:08.687,68.77977752685547,-10.0
790.0,2026-08-28T20:55:10.687,68.25974464416504,-10.0
792.0,2026-08-28T20:55:12.687,68.77522468566895,-10.0
794.0,2026-08-28T20:55:14.687,68.26458168029785,-10.0
796.0,2026-08-28T20:55:16.687,68.25539970397949,-10.0
798.0,2026-08-28T20:55:18.687,68.76783561706543,-10.0
800.0,2026-08-28T20:55:20.687,68.77630424499512,-10.0
802.0,2026-08-28T20:55:22.687,68.77144050598145,-10.0
804.0,2026-08-28T20:55:24.687,68.27026176452637,-10.0
806.001,2026-08-28T20:55:26.688,68.25966835021973,-10.0
808.001,2026-08-28T20:55:28.688,68.77003288269043,-10.0
810.0,2026-08-28T20:55:30.687,68.7777099609375,-10.0
812.0,2026-08-28T20:55:32.687,68.77810096740723,-10.0
814.0,2026-08-28T20:55:34.687,68.77285766601562,-10.0
816.0,2026-08-28T20:55:36.687,68.77209663391113,-10.0
818.0,2026-08-28T20:55:38.687,68.77265548706055,-10.0
820.001,2026-08-28T20:55:40.688,68.76901817321777,-10.0
822.0,2026-08-28T20:55:42.687,68.7750129699707,-10.0
824.0,2026-08-28T20:55:44.687,68.78417205810547,-10.0
826.0,2026-08-28T20:55:46.687,68.77492332458496,-10.0
828.0,2026-08-28T20:55:48.687,68.77328872680664,-10.0
830.001,2026-08-28T20:55:50.688,68.7746753692627,-10.0
832.001,2026-08-28T20:55:52.688,68.77501106262207,-10.0
834.001,2026-08-28T20:55:54.688,68.77262687683105,-10.0
836.001,2026-08-28T20:55:56.688,68.26326370239258,-10.0
838.001,2026-08-28T20:55:58.688,68.77010917663574,-10.0
840.0,2026-08-28T20:56:00.687,68.26290512084961,-10.0
842.0,2026-08-28T20:56:02.687,68.25604248046875,-10.0
844.0,2026-08-28T20:56:04.687,68.77747917175293,-10.0
846.0,2026-08-28T20:56:06.687,68.77390670776367,-10.0
848.0,2026-08-28T20:56:08.687,68.7767562866211,-10.0
850.0,2026-08-28T20:56:10.687,68.26249694824219,-10.0
852.001,2026-08-28T20:56:12.688,68.77502059936523,-10.0
854.0,2026-08-28T20:56:14.687,68.77570533752441,-10.0
856.0,2026-08-28T20:56:16.687,68.77859497070312,-10.0
858.0,2026-08-28T20:56:18.687,68.77612495422363,-10.0
860.0,2026-08-28T20:56:20.687,68.77494239807129,-10.0
862.0,2026-08-28T20:56:22.687,68.25959968566895,-10.0
864.0,2026-08-28T20:56:24.687,68.26143074035645,-10.0
866.0,2026-08-28T20:56:26.687,68.7729721069336,-10.0
868.0,2026-08-28T20:56:28.687,68.26058006286621,-10.0
870.0,2026-08-28T20:56:30.687,68.25330352783203,-10.0
872.0,2026-08-28T20:56:32.687,68.25963973999023,-10.0
874.0,2026-08-28T20:56:34.687,68.77231025695801,-10.0
876.001,2026-08-28T20:56:36.688,68.7700309753418,-10.0
878.0,2026-08-28T20:56:38.687,68.25830268859863,-10.0
880.0,2026-08-28T20:56:40.687,68.25887107849121,-10.0
882.0,2026-08-28T20:56:42.687,68.26655197143555,-10.0
884.0,2026-08-28T20:56:44.687,68.76455116271973,-10.0
886.001,2026-08-28T20:56:46.688,68.76862907409668,-10.0
888.0,2026-08-28T20:56:48.687,68.77121162414551,-10.0
890.0,2026-08-28T20:56:50.687,68.77588272094727,-10.0
892.0,2026-08-28T20:56:52.687,68.77416229248047,-10.0
894.0,2026-08-28T20:56:54.687,68.76356887817383,-10.0
896.0,2026-08-28T20:56:56.687,68.767333984375,-10.0
898.001,2026-08-28T20:56:58.688,68.7720890045166,-10.0
