gain,plane,rung,rung_pct_planned,pct_of_tsat,exptime_s,pedestal,signal,var_pair,var_pair_spread,var_single,sat_frac,R_counts,ccd_temp,n_frames,g_point,usable,sub_refresh
0,R,0,0.3,0.3000006828390865,0.074091,62.729112243652345,12.040123367309569,1.7093683418374654,0.009874390038197678,1.7406483471134604,0.0,0.6601939786364249,-9.5,4,9.454265826283084,True,False
0,G1,0,0.3,0.3000006828390865,0.074091,62.717258834838866,6.6064888000488295,1.134218863381389,0.0002492723192735191,1.1488223208562482,0.0,0.6601939786364249,-9.5,4,9.459967006328151,True,False
0,G2,0,0.3,0.3000006828390865,0.074091,62.73023452758789,6.559588050842287,1.1292578213457065,0.0016462685025093737,1.143184151807746,0.0,0.6601939786364249,-9.5,4,9.460011056936354,True,False
0,B,0,0.3,0.3000006828390865,0.074091,62.731997680664065,4.704188156127927,0.9321024667016031,0.004561014439133038,0.9462860251690113,0.0,0.6601939786364249,-9.5,4,9.479541557504058,True,False
0,R,1,0.5,0.5000011380651441,0.123485,62.729112243652345,19.926163101196288,2.5560386744357277,0.018161154247902545,2.6124669731804495,0.0,0.6601939786364249,-9.5,4,9.39832410760119,True,False
0,G1,1,0.5,0.5000011380651441,0.123485,62.717258834838866,10.859127616882326,1.6032164986148683,0.007247723878351486,1.6290669957799917,0.0,0.6601939786364249,-9.5,4,9.302292189645511,True,False
0,G2,1,0.5,0.5000011380651441,0.123485,62.73023452758789,10.786583518981935,1.5921348546449638,0.0019933051958358483,1.6215143964221341,0.0,0.6601939786364249,-9.5,4,9.328705017735066,True,False
0,B,1,0.5,0.5000011380651441,0.123485,62.731997680664065,7.670345115661618,1.2720317258679241,0.005363145063402852,1.2921871127014815,0.0,0.6601939786364249,-9.5,4,9.173126770730537,True,False
0,R,2,0.85,0.8499999101687437,0.209924,62.729112243652345,33.990715408325194,4.010069984990494,0.009255296233756205,4.147123523100873,0.0,0.6601939786364249,-9.5,4,9.509983566043383,True,False
0,G1,2,0.85,0.8499999101687437,0.209924,62.717258834838866,18.57463607788086,2.4314633316392955,0.015613287060543879,2.483056292182426,0.0,0.6601939786364249,-9.5,4,9.307761409653292,True,False
0,G2,2,0.85,0.8499999101687437,0.209924,62.73023452758789,18.451140022277833,2.418894541383498,0.006830430721404657,2.471342492664646,0.0,0.6601939786364249,-9.5,4,9.304479196599043,True,False
0,B,2,0.85,0.8499999101687437,0.209924,62.731997680664065,13.11934833526611,1.8594094417753326,0.007161837259375359,1.9012239709657535,0.0,0.6601939786364249,-9.5,4,9.21591615349813,True,False
0,R,3,1.4,1.3999991374984009,0.345757,62.729112243652345,55.94098892211914,6.327398948279296,0.023064643584918443,6.618234036437108,0.0,0.6601939786364249,-9.5,4,9.49513400179597,True,False
0,G1,3,1.4,1.3999991374984009,0.345757,62.717258834838866,30.565396881103517,3.7282966784784293,0.028581626516852587,3.8478481475220874,0.0,0.6601939786364249,-9.5,4,9.283507493727301,True,False
0,G2,3,1.4,1.3999991374984009,0.345757,62.73023452758789,30.36762580871582,3.702873298745806,0.028231286802655742,3.8275918629623096,0.0,0.6601939786364249,-9.5,4,9.29521452231806,True,False
0,B,3,1.4,1.3999991374984009,0.345757,62.731997680664065,21.564122962951657,2.7866564167635763,0.013565171386701547,2.849402516665917,0.0,0.6601939786364249,-9.5,4,9.173098502751518,True,False
0,R,4,2.4,2.400001413628689,0.592727,62.729112243652345,96.21632328033448,10.744861442285881,0.016622388283712652,11.451514289336219,0.0,0.6601939786364249,-9.5,4,9.333230509348729,True,False
0,G1,4,2.4,2.400001413628689,0.592727,62.717258834838866,52.61005172729492,6.067391559071153,0.013638027872762137,6.405892012184713,0.0,0.6601939786364249,-9.5,4,9.342043925833014,True,False
0,G2,4,2.4,2.400001413628689,0.592727,62.73023452758789,52.28219757080078,6.010772408785449,0.01018032912852096,6.335811082802836,0.0,0.6601939786364249,-9.5,4,9.378113423740995,True,False
0,B,4,2.4,2.400001413628689,0.592727,62.731997680664065,37.19169979095459,4.4492456079575735,0.012155067159298483,4.57967877787543,0.0,0.6601939786364249,-9.5,4,9.266905098356604,True,False
0,R,5,4.0,4.0000010063531475,0.987878,62.729112243652345,160.9748167037964,17.86646511912669,0.11206623908935853,19.693531981203673,0.0,0.6601939786364249,-9.5,4,9.235180275658854,True,False
0,G1,5,4.0,4.0000010063531475,0.987878,62.717258834838866,87.75701961517333,9.854584574509772,0.003578427023066766,10.74419078872452,0.0,0.6601939786364249,-9.5,4,9.317289457294459,True,False
0,G2,5,4.0,4.0000010063531475,0.987878,62.73023452758789,87.20222816467285,9.760246445272703,0.06395686472981943,10.586656889748465,0.0,0.6601939786364249,-9.5,4,9.352056792647137,True,False
0,B,5,4.0,4.0000010063531475,0.987878,62.731997680664065,62.09447078704834,7.115874374103761,0.01711478523849319,7.4365092891390825,0.0,0.6601939786364249,-9.5,4,9.295554015098087,True,False
0,R,6,6.8,6.799999281349949,1.679392,62.729112243652345,281.90672340393064,30.1836132349433,0.009956785275594626,35.60263335988885,0.0,0.6601939786364249,-9.5,4,9.47657068816794,True,False
0,G1,6,6.8,6.799999281349949,1.679392,62.717258834838866,153.61562404632568,17.029291435964467,0.13678719799563055,19.66147346545113,0.0,0.6601939786364249,-9.5,4,9.257614281685667,True,False
0,G2,6,6.8,6.799999281349949,1.679392,62.73023452758789,152.63639125823974,16.765719044231854,0.03331993571367775,19.214668287913863,0.0,0.6601939786364249,-9.5,4,9.347071171429263,True,False
0,B,6,6.8,6.799999281349949,1.679392,62.731997680664065,108.79723529815674,12.037556043823738,0.07545477772535136,12.964381492464918,0.0,0.6601939786364249,-9.5,4,9.3776977275587,True,False
0,R,7,11.4,11.40000165338127,2.815452,62.729112243652345,467.7771228790283,49.57203985695838,0.16194682267651217,64.3675532881227,0.0,0.6601939786364249,-9.625,4,9.520013297983013,True,False
0,G1,7,11.4,11.40000165338127,2.815452,62.717258834838866,255.58878479003906,28.318092468893624,0.16638711492682035,35.550734068036135,0.0,0.6601939786364249,-9.625,4,9.166724695665735,True,False
0,G2,7,11.4,11.40000165338127,2.815452,62.73023452758789,253.9214750289917,27.84179476692512,0.27356731663939016,34.5576217130283,0.0,0.6601939786364249,-9.625,4,9.265198978113581,True,False
0,B,7,11.4,11.40000165338127,2.815452,62.731997680664065,180.9553602218628,19.61263600614043,0.2220225987896569,22.05569477112731,0.0,0.6601939786364249,-9.625,4,9.436170254222894,True,False
0,R,8,19.2,19.199999161777505,4.741813,62.729112243652345,777.7857688903808,82.68527883197726,0.2206689525489054,122.95957384375689,0.0,0.6601939786364249,-10.0,4,9.456428300110304,True,False
0,G1,8,19.2,19.199999161777505,4.741813,62.717258834838866,425.8287998199463,46.2539953429129,0.11240209033034176,66.07152420745322,0.0,0.6601939786364249,-10.0,4,9.293891169697734,True,False
0,G2,8,19.2,19.199999161777505,4.741813,62.73023452758789,423.03555545806887,45.55995509442609,0.19510293137228274,63.86438231768827,0.0,0.6601939786364249,-10.0,4,9.374936337481447,True,False
0,B,8,19.2,19.199999161777505,4.741813,62.731997680664065,301.4676244735718,32.29031602615366,0.068093196674063,38.83630482888901,0.0,0.6601939786364249,-10.0,4,9.463906312409383,True,False
0,R,9,32.0,31.999999952657173,7.903022,62.729112243652345,1289.8036140441895,136.35948469309014,0.4837303293316495,245.45200274495156,0.0,0.6601939786364249,-10.0,4,9.489178793225927,True,False
0,G1,9,32.0,31.999999952657173,7.903022,62.717258834838866,706.4202447891236,75.02706981159193,0.4160669631958882,128.45556106395597,0.0,0.6601939786364249,-10.0,4,9.470555706740255,True,False
0,G2,9,32.0,31.999999952657173,7.903022,62.73023452758789,701.8636470794678,74.57427156333644,0.03138514063067532,124.38486958848448,0.0,0.6601939786364249,-10.0,4,9.466936170580459,True,False
0,B,9,32.0,31.999999952657173,7.903022,62.731997680664065,500.8261974334717,53.41223625095532,0.45977902715550556,71.37642299279875,0.0,0.6601939786364249,-10.0,4,9.453764034205973,True,False
0,R,10,54.0,54.00000143851548,13.33635,62.729112243652345,2163.4544834136964,226.83155646015854,0.33016744991496694,533.0715324019372,0.0,0.6601939786364249,-9.75,4,9.556075843626736,True,False
0,G1,10,54.0,54.00000143851548,13.33635,62.717258834838866,1185.9083162307738,125.2818712610549,0.4778583407634329,275.3131160503725,0.0,0.6601939786364249,-9.75,4,9.498968105633915,True,False
0,G2,10,54.0,54.00000143851548,13.33635,62.73023452758789,1178.7390018463134,125.04086881558055,0.5355576770559338,265.4115475279718,0.0,0.6601939786364249,-9.75,4,9.459804032417656,True,False
0,B,10,54.0,54.00000143851548,13.33635,62.731997680664065,841.8568523406982,89.4145677613262,0.4478015743733863,139.66719695864856,0.0,0.6601939786364249,-9.75,4,9.461328856333358,True,False
0,R,11,90.0,89.99999834844182,22.227249,62.729112243652345,3585.784737968445,370.1075132681975,2.503140617770157,1205.0024412122903,0.0,0.6601939786364249,-10.0,4,9.699917936187337,True,False
0,G1,11,90.0,89.99999834844182,22.227249,62.717258834838866,1967.3166538238524,206.31080347094053,0.9937692883927411,617.4627134823686,0.0,0.6601939786364249,-10.0,4,9.55588175659937,True,False
0,G2,11,90.0,89.99999834844182,22.227249,62.73023452758789,1955.9993415832519,206.12408414851836,0.9477075986776811,590.1079692198834,0.0,0.6601939786364249,-10.0,4,9.50953469744184,True,False
0,B,11,90.0,89.99999834844182,22.227249,62.731997680664065,1398.0362232208251,147.46166746863102,0.7578260464004529,285.94215410731044,0.0,0.6601939786364249,-10.0,4,9.508780873958688,True,False
50,R,0,0.3,0.30000176490300784,0.042631,64.7619125366211,11.74012928009033,3.0157759530458343,0.0014822786189387926,3.062663948304952,0.0,0.9162544351316187,-10.0,4,5.39465088074601,True,False
50,G1,0,0.3,0.30000176490300784,0.042631,64.75695343017578,6.359830665588376,2.0453633563808644,0.02136527009537348,2.0646856682609336,0.0,0.9162544351316187,-10.0,4,5.274186055648035,True,False
50,G2,0,0.3,0.30000176490300784,0.042631,64.77968292236328,6.30758972167969,2.0300211105983763,0.007952479772136645,2.0581079967547367,0.0,0.9162544351316187,-10.0,4,5.2982742042057644,True,False
50,B,0,0.3,0.30000176490300784,0.042631,64.78375473022462,4.475815391540522,1.686903092257478,0.00890717669190666,1.7097491062481962,0.0,0.9162544351316187,-10.0,4,5.281940363630819,True,False
50,R,1,0.5,0.499998250055678,0.071051,64.7619125366211,19.70470790863037,4.486188372104001,0.006519996891119817,4.563576097488731,0.0,0.9162544351316187,-10.0,4,5.40348551912482,True,False
50,G1,1,0.5,0.499998250055678,0.071051,64.75695343017578,10.69984035491943,2.8577699029990393,0.003655531745982099,2.8972601960286095,0.0,0.9162544351316187,-10.0,4,5.3015495994201,True,False
50,G2,1,0.5,0.499998250055678,0.071051,64.77968292236328,10.623243522644046,2.84285646274678,0.010510900739893803,2.8720749880154566,0.0,0.9162544351316187,-10.0,4,5.302781301464736,True,False
50,B,1,0.5,0.499998250055678,0.071051,64.78375473022462,7.546182250976557,2.2729957063520336,0.0044633166694505455,2.297160675012681,0.0,0.9162544351316187,-10.0,4,5.264263458208396,True,False
50,R,2,0.85,0.8499991362468534,0.120787,64.7619125366211,33.721660423278806,7.041625202714162,0.024630030676995318,7.19157520325156,0.0,0.9162544351316187,-10.0,4,5.4371332358713795,True,False
50,G1,2,0.85,0.8499991362468534,0.120787,64.75695343017578,18.39689617156982,4.291401047998607,0.0044317027385734065,4.364422277203461,0.0,0.9162544351316187,-10.0,4,5.3295312285943375,True,False
50,G2,2,0.85,0.8499991362468534,0.120787,64.77968292236328,18.261371803283694,4.23173438949059,0.01375261166925501,4.311564814038817,0.0,0.9162544351316187,-10.0,4,5.383322365705441,True,False
50,B,2,0.85,0.8499991362468534,0.120787,64.78375473022462,13.000444030761713,3.278550974012855,0.010746041793177952,3.3321194650507104,0.0,0.9162544351316187,-10.0,4,5.330172450376234,True,False
50,R,3,1.4,1.399996507590699,0.198943,64.7619125366211,55.5899694442749,11.025268276770325,0.07535913502863067,11.35707208505562,0.0,0.9162544351316187,-10.0,4,5.457623719476258,True,False
50,G1,3,1.4,1.399996507590699,0.198943,64.75695343017578,30.33582954406738,6.51170020645279,0.00607182888333746,6.663712396529773,0.0,0.9162544351316187,-10.0,4,5.348180091585863,True,False
50,G2,3,1.4,1.399996507590699,0.198943,64.77968292236328,30.122235488891604,6.457577511736588,0.02810983296984393,6.600804789455589,0.0,0.9162544351316187,-10.0,4,5.361683672248997,True,False
50,B,3,1.4,1.399996507590699,0.198943,64.78375473022462,21.41996059417724,4.8545003079762505,0.007156979971614241,4.950175115939864,0.0,0.9162544351316187,-10.0,4,5.335013034748924,True,False
50,R,4,2.4,2.400000044876058,0.341046,64.7619125366211,95.68042449951172,18.611697238502686,0.08660322891252648,19.334446903365446,0.0,0.9162544351316187,-10.0,4,5.383720576566437,True,False
50,G1,4,2.4,2.400000044876058,0.341046,64.75695343017578,52.27087001800537,10.618007813664594,0.02651549655097618,10.991141869790507,0.0,0.9162544351316187,-10.0,4,5.345497455246346,True,False
50,G2,4,2.4,2.400000044876058,0.341046,64.77968292236328,51.91462631225586,10.489886346247896,0.02815406409236232,10.84106960335121,0.0,0.9162544351316187,-10.0,4,5.379551017056514,True,False
50,B,4,2.4,2.400000044876058,0.341046,64.78375473022462,36.95717391967773,7.749453552944065,0.009698824818605623,7.9065293635464835,0.0,0.9162544351316187,-10.0,4,5.348414040307927,True,False
50,R,5,4.0,4.000000074793428,0.56841,64.7619125366211,160.1377504348755,30.899789363176865,0.06286730849806332,32.87116906057042,0.0,0.9162544351316187,-10.0,4,5.327223125189881,True,False
50,G1,5,4.0,4.000000074793428,0.56841,64.75695343017578,87.30056552886963,17.150092739374102,0.05749187750408069,18.063415191400594,0.0,0.9162544351316187,-10.0,4,5.352391889913113,True,False
50,G2,5,4.0,4.000000074793428,0.56841,64.77968292236328,86.72251625061035,16.966401890268855,0.05083324267804912,17.80955605946312,0.0,0.9162544351316187,-10.0,4,5.377513682861912,True,False
50,B,5,4.0,4.000000074793428,0.56841,64.78375473022462,61.78305015563964,12.330530409847615,0.06416056356548161,12.658978845165262,0.0,0.9162544351316187,-10.0,4,5.376643108511543,True,False
50,R,6,6.8,6.800000127148829,0.966297,64.7619125366211,272.9001558303833,51.22120820962525,0.18993470126213197,56.379814565689,0.0,0.9162544351316187,-10.0,4,5.416653895296985,True,False
50,G1,6,6.8,6.800000127148829,0.966297,64.75695343017578,148.67559127807618,28.739352912742905,0.023569604420195844,31.347389008718082,0.0,0.9162544351316187,-10.0,4,5.328906571334131,True,False
50,G2,6,6.8,6.800000127148829,0.966297,64.77968292236328,147.66907806396483,28.305009601673184,0.12583674343982665,30.68880783575647,0.0,0.9162544351316187,-10.0,4,5.37653222205906,True,False
50,B,6,6.8,6.800000127148829,0.966297,64.78375473022462,105.22987232208251,20.350977060651065,0.12572808782517342,21.27042927226519,0.0,0.9162544351316187,-10.0,4,5.393235564397613,True,False
50,R,7,11.4,11.399996694574272,1.619968,64.7619125366211,466.843833732605,86.47437442645838,0.7438439987125633,100.88607316356521,0.0,0.9162544351316187,-10.0,4,5.451563487760603,True,False
50,G1,7,11.4,11.399996694574272,1.619968,64.75695343017578,254.95874576568605,49.37173740387487,0.05553860592208082,56.6868557189934,0.0,0.9162544351316187,-10.0,4,5.253391889110843,True,False
50,G2,7,11.4,11.399996694574272,1.619968,64.77968292236328,253.18773860931395,48.458248456966736,0.6267160092297388,55.20868011791741,0.0,0.9162544351316187,-10.0,4,5.316978391847719,True,False
50,B,7,11.4,11.399996694574272,1.619968,64.78375473022462,180.4315486907959,34.135351254263064,0.0020176663371813675,36.60304996331877,0.0,0.9162544351316187,-10.0,4,5.419043578761795,True,False
50,R,8,19.2,19.200000359008463,2.728368,64.7619125366211,780.904640007019,145.14784694112222,1.0886776163505658,186.11226556332977,0.0,0.9162544351316187,-10.0,4,5.411362382268915,True,False
50,G1,8,19.2,19.200000359008463,2.728368,64.75695343017578,427.46984748840333,81.32255866326622,0.015687979415957898,101.55716355164742,0.0,0.9162544351316187,-10.0,4,5.311303676146149,True,False
50,G2,8,19.2,19.200000359008463,2.728368,64.77968292236328,424.4661771774292,79.77100774655707,0.7417188465572622,98.35178605012119,0.0,0.9162544351316187,-10.0,4,5.377653469764462,True,False
50,B,8,19.2,19.200000359008463,2.728368,64.78375473022462,302.43212089538576,56.4073474659118,0.004011960637747336,63.19119766553662,0.0,0.9162544351316187,-10.0,4,5.442576156132827,True,False
50,R,9,32.0,32.00000059834743,4.54728,64.7619125366211,1291.9765327453613,238.79113516640552,0.34351733878443724,349.47614310470175,0.0,0.9162544351316187,-10.0,4,5.429576696640915,True,False
50,G1,9,32.0,32.00000059834743,4.54728,64.75695343017578,707.3926694869995,131.8409991581667,0.06268626050334092,186.32488110288077,0.0,0.9162544351316187,-10.0,4,5.399883160541363,True,False
50,G2,9,32.0,32.00000059834743,4.54728,64.77968292236328,702.4576723098755,129.52110540513831,0.3622395988995777,180.11097099638764,0.0,0.9162544351316187,-10.0,4,5.4588827302109415,True,False
50,B,9,32.0,32.00000059834743,4.54728,64.78375473022462,501.0732246398926,93.10206033260334,0.21298843711906557,111.07081314708545,0.0,0.9162544351316187,-10.0,4,5.430949925362653,True,False
50,R,10,54.0,54.0000010097113,7.673535,64.7619125366211,2172.9364755630495,400.81766924059536,1.215307403545637,711.2992842046706,0.0,0.9162544351316187,-9.625,4,5.4326379868138925,True,False
50,G1,10,54.0,54.0000010097113,7.673535,64.75695343017578,1189.1851842880249,218.60220945692484,0.0960820055744307,369.684692198319,0.0,0.9162544351316187,-9.625,4,5.460922618160998,True,False
50,G2,10,54.0,54.0000010097113,7.673535,64.77968292236328,1181.464168739319,217.35249287784453,0.15338230468842085,360.21858684335865,0.0,0.9162544351316187,-9.625,4,5.456782404238168,True,False
50,B,10,54.0,54.0000010097113,7.673535,64.78375473022462,843.3899599075318,156.31665547101994,0.03964622642553195,207.29202441786327,0.0,0.9162544351316187,-9.625,4,5.424527337937085,True,False
50,R,11,90.0,90.00000168285214,12.789225,64.7619125366211,3602.2387512207033,657.8555672316188,0.4621941027204457,1513.3453513833126,0.0,0.9162544351316187,-9.875,4,5.4827256935436965,True,False
50,G1,11,90.0,90.00000168285214,12.789225,64.75695343017578,1971.0322177886962,361.99522419116767,0.1588866811243861,778.5209597996725,0.0,0.9162544351316187,-9.875,4,5.45756915055371,True,False
50,G2,11,90.0,90.00000168285214,12.789225,64.77968292236328,1959.1830160140992,359.7431456603652,0.10377501619950635,749.4615991365164,0.0,0.9162544351316187,-9.875,4,5.458799766548791,True,False
50,B,11,90.0,90.00000168285214,12.789225,64.78375473022462,1398.7418333053588,258.51447773963446,0.46487092384808193,397.92546636406337,0.0,0.9162544351316187,-9.875,4,5.428318907909448,True,False
100,R,0,0.3,0.29999391344666093,0.0234,68.3918399810791,1.8280010223388672,2.6840407527223444,0.019261418394529883,2.706663196448309,0.0,1.4251291999570406,-10.0,4,2.7991853228532477,True,False
100,G1,0,0.3,0.29999391344666093,0.0234,68.38611183166503,1.6364940643310604,2.564371588438017,0.03105480382263348,2.574981268748375,0.0,1.4251291999570406,-10.0,4,3.0681673873719637,True,False
100,G2,0,0.3,0.29999391344666093,0.0234,68.42389488220215,1.6378898620605469,2.5461954222388563,0.008603649437937566,2.5604551092902574,0.0,1.4251291999570406,-10.0,4,3.1791205620271015,True,False
100,B,0,0.3,0.29999391344666093,0.0234,68.42986335754395,1.5721336364746037,2.5990316472678696,0.008263261729217763,2.6207847078110564,0.0,1.4251291999570406,-10.0,4,2.7676537481746717,True,False
100,R,1,0.5,0.5000026759971463,0.039001,68.3918399810791,3.169313430786133,3.0962342614764093,0.003946709309910812,3.122562366661282,0.0,1.4251291999570406,-10.0,4,2.975207823098217,True,False
100,G1,1,0.5,0.5000026759971463,0.039001,68.38611183166503,2.8551601409912166,2.929669502813808,0.0010478813593484126,2.9491737443270107,0.0,1.4251291999570406,-10.0,4,3.1770730442515536,True,False
100,G2,1,0.5,0.5000026759971463,0.039001,68.42389488220215,2.853184700012207,2.9149198606101265,0.0051935942897336496,2.932882673970681,0.0,1.4251291999570406,-10.0,4,3.2278524284876755,True,False
100,B,1,0.5,0.5000026759971463,0.039001,68.42986335754395,2.7486215591430607,2.9675446516306714,0.020140703742285382,2.9930063230480233,0.0,1.4251291999570406,-10.0,4,2.93483253022,True,False
100,R,2,0.85,0.8499955750182507,0.066301,68.3918399810791,5.187648773193359,3.8392259505642516,0.01626432663172661,3.877103901046576,0.0,1.4251291999570406,-10.0,4,2.868905497088805,True,False
100,G1,2,0.85,0.8499955750182507,0.066301,68.38611183166503,4.650835418701178,3.5807530679511874,0.03215091873674014,3.61056411183699,0.0,1.4251291999570406,-10.0,4,3.001003977859468,True,False
100,G2,2,0.85,0.8499955750182507,0.066301,68.42389488220215,4.640926361083984,3.56805049716829,0.020979730349942383,3.6076955053756037,0.0,1.4251291999570406,-10.0,4,3.0193581462788965,True,False
100,B,2,0.85,0.8499955750182507,0.066301,68.42986335754395,4.461001014709467,3.6196323879072256,0.015611474969111416,3.655358534787341,0.0,1.4251291999570406,-10.0,4,2.8080643807342893,True,False
100,R,3,1.4,1.3999972365898405,0.109202,68.3918399810791,42.780330657958984,16.17410853162447,7.238043449464923,16.441371679392432,0.0,1.4251291999570406,-10.0,4,3.024816652164244,True,False
100,G1,3,1.4,1.3999972365898405,0.109202,68.38611183166503,24.096780204772955,10.177549447344388,3.6725026667414795,10.340885553172155,0.0,1.4251291999570406,-10.0,4,2.9579100151428235,True,False
100,G2,3,1.4,1.3999972365898405,0.109202,68.42389488220215,23.95316791534424,10.06550241278913,3.6145377734776414,10.237821043274156,0.0,1.4251291999570406,-10.0,4,2.9812857748974126,True,False
100,B,3,1.4,1.3999972365898405,0.109202,68.42986335754395,17.331004714965815,8.114716684420863,2.300689405178468,8.231177641003619,0.0,1.4251291999570406,-10.0,4,2.8487495961192524,True,False
100,R,4,2.4,2.400002588584133,0.187204,68.3918399810791,93.81307220458984,33.318918313132926,0.09471238684322003,34.16093384832991,0.0,1.4251291999570406,-10.0,4,2.9983794698761814,True,False
100,G1,4,2.4,2.400002588584133,0.187204,68.38611183166503,51.33590450286866,19.053190873461695,0.15526213445317794,19.544937239090764,0.0,1.4251291999570406,-10.0,4,3.0158211999378084,True,False
100,G2,4,2.4,2.400002588584133,0.187204,68.42389488220215,51.02571964263916,18.92059203093853,0.025137304693540585,19.32768905282092,0.0,1.4251291999570406,-10.0,4,3.0211327257609675,True,False
100,B,4,2.4,2.400002588584133,0.187204,68.42986335754395,36.18389091491699,14.346385610324933,0.04385275428265345,14.611341669355905,0.0,1.4251291999570406,-10.0,4,2.9381029703956707,True,False
100,R,5,4.0,3.9999957674717477,0.312006,68.3918399810791,157.4354953765869,55.476130168218035,0.48921487161342014,57.483701256887905,0.0,1.4251291999570406,-10.0,4,2.945740331396936,True,False
100,G1,5,4.0,3.9999957674717477,0.312006,68.38611183166503,85.82418670654297,30.76827146211514,0.21123215063185086,31.802363253245314,0.0,1.4251291999570406,-10.0,4,2.986510623342635,True,False
100,G2,5,4.0,3.9999957674717477,0.312006,68.42389488220215,85.2903299331665,30.417161126665253,0.08658508251042463,31.341162981539362,0.0,1.4251291999570406,-10.0,4,3.0046440316773904,True,False
100,B,5,4.0,3.9999957674717477,0.312006,68.42986335754395,60.622665023803705,22.430169031798584,0.015979843898389134,22.920637097937163,0.0,1.4251291999570406,-10.0,4,2.9718193338960326,True,False
100,R,6,6.8,6.80000306090414,0.530411,68.3918399810791,269.146936416626,91.04254551057312,0.07148785193730589,96.54423193926978,0.0,1.4251291999570406,-10.0,4,3.023730398365765,True,False
100,G1,6,6.8,6.80000306090414,0.530411,68.38611183166503,146.30925884246827,51.72698393548819,0.11598175245192266,54.38191166862237,0.0,1.4251291999570406,-10.0,4,2.9440857659701263,True,False
100,G2,6,6.8,6.80000306090414,0.530411,68.42389488220215,145.32877826690674,50.84335930416028,0.08198763335627746,53.369920368228556,0.0,1.4251291999570406,-10.0,4,2.977294279602656,True,False
100,B,6,6.8,6.80000306090414,0.530411,68.42986335754395,103.41433582305908,36.388252537869604,0.17947702476995175,37.43581735006815,0.0,1.4251291999570406,-10.0,4,3.0099704669734204,True,False
100,R,7,11.4,11.39999947552192,0.889218,68.3918399810791,451.4189567565918,150.89702363842466,0.47660648842474984,164.93982472160732,0.0,1.4251291999570406,-10.0,4,3.032383919541717,True,False
100,G1,7,11.4,11.39999947552192,0.889218,68.38611183166503,246.2084602355957,87.66467774939206,0.07613551786153039,94.56219463159431,0.0,1.4251291999570406,-10.0,4,2.8751356622840527,True,False
100,G2,7,11.4,11.39999947552192,0.889218,68.42389488220215,244.44244194030762,85.47470958681907,0.799635878643997,92.07428423703338,0.0,1.4251291999570406,-10.0,4,2.929428992762959,True,False
100,B,7,11.4,11.39999947552192,0.889218,68.42986335754395,173.8462215423584,59.251089798573,0.2464875284236996,61.91867024145746,0.0,1.4251291999570406,-10.0,4,3.038202170001257,True,False
100,R,8,19.2,19.19999506816764,1.49763,68.3918399810791,778.2865943908691,261.77062013144234,0.02497960802071475,302.76582688930534,0.0,1.4251291999570406,-10.0,4,2.996410689023879,True,False
100,G1,8,19.2,19.19999506816764,1.49763,68.38611183166503,425.9536432266235,148.66147586321574,0.781106537366469,169.10904706277918,0.0,1.4251291999570406,-10.0,4,2.904946063031096,True,False
100,G2,8,19.2,19.19999506816764,1.49763,68.42389488220215,422.715615272522,144.95672521425183,1.8371569914769736,163.59020679485434,0.0,1.4251291999570406,-10.0,4,2.9575892977657134,True,False
100,B,8,19.2,19.19999506816764,1.49763,68.42986335754395,300.6615205764771,101.24739915474426,0.4495006366108214,108.02579593106199,0.0,1.4251291999570406,-10.0,4,3.030360934707101,True,False
100,R,9,32.0,32.000004600532115,2.496051,68.3918399810791,1292.8145484924316,431.91975198592206,4.555234240241759,544.634977905242,0.0,1.4251291999570406,-10.0,4,3.0073234579418524,True,False
100,G1,9,32.0,32.000004600532115,2.496051,68.38611183166503,707.7926792144775,240.2426314256499,1.4055765203586077,295.49306061680375,0.0,1.4251291999570406,-10.0,4,2.9712766537992126,True,False
100,G2,9,32.0,32.000004600532115,2.496051,68.42389488220215,702.2948341369629,236.77508415248536,1.8137650205698037,286.5830636702615,0.0,1.4251291999570406,-10.0,4,2.991746592626791,True,False
100,B,9,32.0,32.000004600532115,2.496051,68.42986335754395,500.12383518218996,168.1029529866829,0.41464010575023735,186.3619275470102,0.0,1.4251291999570406,-10.0,4,3.011488730154824,True,False
100,R,10,54.0,53.99999414187944,4.212085,68.3918399810791,2157.7044858932495,719.6746148950042,2.466548696923496,1028.3458315972011,0.0,1.4251291999570406,-10.0,4,3.006651798711617,True,False
100,G1,10,54.0,53.99999414187944,4.212085,68.38611183166503,1181.1104854583741,393.68191135984625,1.0930866387513447,544.9928906594189,0.0,1.4251291999570406,-10.0,4,3.0157224987957454,True,False
100,G2,10,54.0,53.99999414187944,4.212085,68.42389488220215,1172.4630661010742,389.90156228251203,0.09767264879047843,531.2821970322949,0.0,1.4251291999570406,-10.0,4,3.0228203933725126,True,False
100,B,10,54.0,53.99999414187944,4.212085,68.42986335754395,836.2117944717407,281.63536911540655,0.3143851969608136,331.39289851132685,0.0,1.4251291999570406,-10.0,4,2.9906963789225687,True,False
100,R,11,90.0,89.9999945098833,7.020142,68.3918399810791,3586.5012159347534,1194.6761830436747,7.681768460970488,2046.369264164949,0.0,1.4251291999570406,-10.0,4,3.0071820576535635,True,False
100,G1,11,90.0,89.9999945098833,7.020142,68.38611183166503,1961.3131784439088,652.9925395795588,0.2967031505606883,1065.5773829011046,0.0,1.4251291999570406,-10.0,4,3.01294782996368,True,False
100,G2,11,90.0,89.9999945098833,7.020142,68.42389488220215,1948.422119140625,648.4283093251611,0.6018925637257553,1037.6205856686765,0.0,1.4251291999570406,-10.0,4,3.014279407796284,True,False
100,B,11,90.0,89.9999945098833,7.020142,68.42986335754395,1390.3013759613036,463.4519599078933,0.7242377928137103,602.8125156162218,0.0,1.4251291999570406,-10.0,4,3.0130866960617233,True,False
190,R,0,0.3,0.29998777405691146,0.00812,84.65759582519532,10.904515075683591,21.43549244364449,0.10738317839940947,21.648334430777773,0.0,3.297783609347112,-10.0,4,1.0326132189825903,True,True
190,G1,0,0.3,0.29998777405691146,0.00812,84.65379638671875,5.783796119689939,16.730666165116435,0.06645656175808057,16.844382398063743,0.0,3.297783609347112,-10.0,4,0.9877899611641643,True,True
190,G2,0,0.3,0.29998777405691146,0.00812,84.76726951599122,5.733980751037592,16.61536294538315,0.024976491970846837,16.775209375005748,0.0,3.297783609347112,-10.0,4,0.9989537500533945,True,True
190,B,0,0.3,0.29998777405691146,0.00812,84.76919517517089,3.9516214370727596,15.21852140631855,0.005138973453011175,15.338569175606652,0.0,3.297783609347112,-10.0,4,0.9098525919088514,True,True
190,R,1,0.5,0.5000042529662856,0.013534,84.65759582519532,17.635590362548825,28.155980442837425,0.0903159521372423,28.502911152807666,0.0,3.297783609347112,-10.0,4,1.0205424914414265,True,True
190,G1,1,0.5,0.5000042529662856,0.013534,84.65379638671875,9.132227706909177,20.621567264019234,0.18436393412265417,20.844485471480578,0.0,3.297783609347112,-10.0,4,0.9370048409021485,True,True
190,G2,1,0.5,0.5000042529662856,0.013534,84.76726951599122,9.044111824035639,20.42083175770342,0.05316338867070414,20.63494450801435,0.0,3.297783609347112,-10.0,4,0.9474783341026178,True,True
190,B,1,0.5,0.5000042529662856,0.013534,84.76919517517089,6.096314811706549,17.87835782498563,0.004081701590529008,18.09344919518329,0.0,3.297783609347112,-10.0,4,0.8705313826453345,True,True
190,R,2,0.85,0.8500146189041156,0.023008,84.65759582519532,31.577526855468747,40.0078671948626,0.2925784124770914,40.575532303051155,0.0,3.297783609347112,-10.0,4,1.083928162543327,True,False
190,G1,2,0.85,0.8500146189041156,0.023008,84.65379638671875,17.11488990783691,27.36905699213932,0.055238296632715844,27.768140072771512,0.0,3.297783609347112,-10.0,4,1.037663495354377,True,False
190,G2,2,0.85,0.8500146189041156,0.023008,84.76726951599122,16.97709236145019,27.218120771737475,0.10184946951961749,27.589194662546586,0.0,3.297783609347112,-10.0,4,1.0388152884441826,True,False
190,B,2,0.85,0.8500146189041156,0.023008,84.76919517517089,11.89667644500733,22.855933714041566,0.060831740544756485,23.214923762646865,0.0,3.297783609347112,-10.0,4,0.992998611408797,True,False
190,R,3,1.4,1.4000045194441697,0.037895,84.65759582519532,52.07904891967773,59.1525167644774,0.1907868654180831,60.10584702691504,0.0,3.297783609347112,-10.0,4,1.0787517422714938,True,False
190,G1,3,1.4,1.4000045194441697,0.037895,84.65379638671875,28.183654594421384,38.35629247528682,0.00014395032828673493,38.87287165911866,0.0,3.297783609347112,-10.0,4,1.0255718863167014,True,False
190,G2,3,1.4,1.4000045194441697,0.037895,84.76726951599122,27.972028350830072,37.89758067893693,0.252414912524614,38.396548585956516,0.0,3.297783609347112,-10.0,4,1.0351497756404258,True,False
190,B,3,1.4,1.4000045194441697,0.037895,84.76919517517089,19.5753158569336,30.680969672242846,0.060404223020370296,31.015732794923796,0.0,3.297783609347112,-10.0,4,0.9883731286435232,True,False
190,R,4,2.4,2.400013025376741,0.064963,84.65759582519532,91.07684307098388,96.2636424421949,0.5987209833199927,97.71443343698321,0.0,3.297783609347112,-10.0,4,1.0666201300107534,True,False
190,G1,4,2.4,2.400013025376741,0.064963,84.65379638671875,49.81958847045898,57.97142134766586,0.028445225743709557,58.96637052890925,0.0,3.297783609347112,-10.0,4,1.0578295667760989,True,False
190,G2,4,2.4,2.400013025376741,0.064963,84.76726951599122,49.437290763854975,57.33304677225479,0.009758341440324614,58.29228511715395,0.0,3.297783609347112,-10.0,4,1.064136249692035,True,False
190,B,4,2.4,2.400013025376741,0.064963,84.76919517517089,35.0571159362793,44.46864976084504,0.2816116349829869,45.11628498909576,0.0,3.297783609347112,-10.0,4,1.0435754773982981,True,False
190,R,5,4.0,3.9999970794231356,0.108271,84.65759582519532,152.7289426803589,157.49491572391617,0.1552498986613955,160.45784275825983,0.0,3.297783609347112,-10.0,4,1.0416684142687465,True,False
190,G1,5,4.0,3.9999970794231356,0.108271,84.65379638671875,83.07469635009765,89.95389605115818,0.07618938812215958,91.74309559493925,0.0,3.297783609347112,-10.0,4,1.0505342925933467,True,False
190,G2,5,4.0,3.9999970794231356,0.108271,84.76726951599122,82.46246299743652,88.58335806001291,0.8487919263092181,90.04907266606614,0.0,3.297783609347112,-10.0,4,1.0611839555007885,True,False
190,B,5,4.0,3.9999970794231356,0.108271,84.76919517517089,58.49470367431641,66.6826008436578,0.04575771971011022,67.64440456172872,0.0,3.297783609347112,-10.0,4,1.048156481667322,True,False
190,R,6,6.8,6.800006118311474,0.184061,84.65759582519532,262.2862184524536,262.1254528254424,1.0622890486585561,268.67917883947536,0.0,3.297783609347112,-10.0,4,1.0439249314180368,True,False
190,G1,6,6.8,6.800006118311474,0.184061,84.65379638671875,142.25130729675294,149.18379085841548,1.1117061004491404,152.78920053292947,0.0,3.297783609347112,-10.0,4,1.0285079776048283,True,False
190,G2,6,6.8,6.800006118311474,0.184061,84.76726951599122,141.2147527694702,145.08616059305837,0.48749723276668533,148.69579187095826,0.0,3.297783609347112,-10.0,4,1.0521863348764107,True,False
190,B,6,6.8,6.800006118311474,0.184061,84.76919517517089,100.33081760406495,105.66966911739279,0.2719960460472919,107.3309261722761,0.0,3.297783609347112,-10.0,4,1.058405681202439,True,False
190,R,7,11.4,11.400015690155582,0.308573,84.65759582519532,441.6802728652954,422.5169607951382,1.7374299623529055,437.2519444696151,0.0,3.297783609347112,-10.0,4,1.0729729210248593,True,False
190,G1,7,11.4,11.400015690155582,0.308573,84.65379638671875,240.60535984039308,249.85445391000707,0.8394889213447811,258.04098030443845,0.0,3.297783609347112,-10.0,4,1.0068051257192998,True,False
190,G2,7,11.4,11.400015690155582,0.308573,84.76726951599122,238.60009059906005,241.02962509073825,0.8536046041237739,248.3533265656179,0.0,3.297783609347112,-10.0,4,1.0366964429407886,True,False
190,B,7,11.4,11.400015690155582,0.308573,84.76919517517089,169.68456401824952,169.56440496529285,0.23725585366918267,172.94339677834148,0.0,3.297783609347112,-10.0,4,1.06928982998758,True,False
190,R,8,19.2,19.199993370092475,0.519701,84.65759582519532,744.8108013153076,716.1357326802319,0.7758578604914419,755.3033831648002,0.0,3.297783609347112,-10.0,4,1.056079212500318,True,False
190,G1,8,19.2,19.199993370092475,0.519701,84.65379638671875,407.4281547546387,417.4555431347093,0.2830936131546764,439.1026099974929,0.0,3.297783609347112,-10.0,4,1.002085660895648,True,False
190,G2,8,19.2,19.199993370092475,0.519701,84.76726951599122,403.73600444793703,401.88096222208276,0.509016297365747,420.57263033909635,0.0,3.297783609347112,-10.0,4,1.0325581511682096,True,False
190,B,8,19.2,19.199993370092475,0.519701,84.76919517517089,286.9423412322998,278.8526916213376,1.9469807823963947,287.0137875343909,0.0,3.297783609347112,-10.0,4,1.0707710141547595,True,False
190,R,9,32.0,32.00001357969223,0.866169,84.65759582519532,1242.496563720703,1192.7269885187077,7.768129821846742,1299.2716169098603,0.0,3.297783609347112,-10.0,4,1.0513135078307319,True,False
190,G1,9,32.0,32.00001357969223,0.866169,84.65379638671875,680.7359912872314,674.7843144032931,1.628649718430097,728.9421996184606,0.0,3.297783609347112,-10.0,4,1.025345424143696,True,False
190,G2,9,32.0,32.00001357969223,0.866169,84.76726951599122,674.1452451705933,650.8236336364843,8.759595518886726,699.6364785926532,0.0,3.297783609347112,-10.0,4,1.0534371144844021,True,False
190,B,9,32.0,32.00001357969223,0.866169,84.76919517517089,479.28059425354,460.8723420128623,0.7715174800349018,480.2695501888588,0.0,3.297783609347112,-10.0,4,1.0650751699105665,True,False
190,R,10,54.0,54.00001598867305,1.46166,84.65759582519532,2145.823656845093,2042.1212976199376,2.6849307876327657,2358.6688058519494,0.0,3.297783609347112,-10.0,4,1.0564076140565315,True,False
190,G1,10,54.0,54.00001598867305,1.46166,84.65379638671875,1175.4448879241943,1137.7385705858665,2.883421547764101,1292.3897968063013,0.0,3.297783609347112,-10.0,4,1.0431123266226725,True,False
190,G2,10,54.0,54.00001598867305,1.46166,84.76726951599122,1164.207078552246,1108.4039092437943,10.272022462174164,1249.4425137858464,0.0,3.297783609347112,-10.0,4,1.0607533599969892,True,False
190,B,10,54.0,54.00001598867305,1.46166,84.76919517517089,829.4216569900512,798.6029701310727,0.48422981796386466,849.9320056259885,0.0,3.297783609347112,-10.0,4,1.0529295456228158,True,False
190,R,11,90.0,89.99998970348126,2.436099,84.65759582519532,3583.2097328186037,3408.1016583463734,16.02193047835226,4264.884252455259,0.0,3.297783609347112,-10.0,4,1.0547456765576542,True,False
190,G1,11,90.0,89.99998970348126,2.436099,84.65379638671875,1959.6051986694335,1864.3915185161127,1.0810598579316775,2282.4901198820808,0.0,3.297783609347112,-10.0,4,1.0572366511927982,True,False
190,G2,11,90.0,89.99998970348126,2.436099,84.76726951599122,1942.6053672790526,1844.9232078216794,0.2806836103777641,2235.799260918552,0.0,3.297783609347112,-10.0,4,1.0591901336221294,True,False
190,B,11,90.0,89.99998970348126,2.436099,84.76919517517089,1384.9431394577027,1326.870114604536,11.591794934385462,1466.8997385267692,0.0,3.297783609347112,-10.0,4,1.0523926119178997,True,False
200,R,0,0.3,0.2999970520588397,0.007402,69.30351982116699,11.693105125427252,13.918892536049169,0.013475418149027973,14.102529690248673,0.0,1.0768342946357072,-10.0,4,0.9164363558620673,True,True
200,G1,0,0.3,0.2999970520588397,0.007402,69.29648513793946,6.31798343658447,8.10859380425193,0.026441346722137382,8.210032628529639,0.0,1.0768342946357072,-10.0,4,0.9091903441594449,True,True
200,G2,0,0.3,0.2999970520588397,0.007402,69.27693977355958,6.260350799560541,8.045977886225257,0.02185807403239437,8.17869102307711,0.0,1.0768342946357072,-10.0,4,0.9090882809083057,True,True
200,B,0,0.3,0.2999970520588397,0.007402,69.2813934326172,4.439496612548822,6.021512045979817,0.018625318342172292,6.0989162133379695,0.0,1.0768342946357072,-10.0,4,0.9131121857002897,True,True
200,R,1,0.5,0.500008596494178,0.012337,69.30351982116699,19.44281330108643,22.2809236157364,0.00567164940423126,22.60781967316187,0.0,1.0768342946357072,-10.0,4,0.9205288442292585,True,True
200,G1,1,0.5,0.500008596494178,0.012337,69.29648513793946,10.519798088073728,12.711902413716544,0.012428062799765272,12.904069948457803,0.0,1.0768342946357072,-10.0,4,0.9106213032929149,True,True
200,G2,1,0.5,0.500008596494178,0.012337,69.27693977355958,10.422854995727533,12.559593791137083,0.056661130996879194,12.760564585521099,0.0,1.0768342946357072,-10.0,4,0.9142837861525203,True,True
200,B,1,0.5,0.500008596494178,0.012337,69.2813934326172,7.412164306640619,9.227038275810218,0.03953857447486442,9.377073263014513,0.0,1.0768342946357072,-10.0,4,0.9187722815774727,True,True
200,R,2,0.85,0.850018666958936,0.020973,69.30351982116699,33.30152835845948,37.374600044697644,0.07060930251180508,37.93526275339928,0.0,1.0768342946357072,-10.0,4,0.9195499837130847,True,False
200,G1,2,0.85,0.850018666958936,0.020973,69.29648513793946,18.024041938781735,20.83962000052409,0.09199922561739982,21.22669865428095,0.0,1.0768342946357072,-10.0,4,0.9158535603241548,True,False
200,G2,2,0.85,0.850018666958936,0.020973,69.27693977355958,17.86067447662353,20.6922934602819,0.06160667518736318,21.041491905505303,0.0,1.0768342946357072,-10.0,4,0.9143976482052105,True,False
200,B,2,0.85,0.850018666958936,0.020973,69.2813934326172,12.696862792968744,14.96873767539756,0.048043957510310875,15.198979111223599,0.0,1.0768342946357072,-10.0,4,0.9194518468115002,True,False
200,R,3,1.4,1.399999752670697,0.034543,69.30351982116699,55.1740068435669,61.14936040844891,0.010447012291429303,62.11334826093395,0.0,1.0768342946357072,-10.0,4,0.9197233128767693,True,False
200,G1,3,1.4,1.399999752670697,0.034543,69.29648513793946,29.89094142913818,33.903636946950485,0.21958346352020897,34.54717735105092,0.0,1.0768342946357072,-10.0,4,0.9128659366856465,True,False
200,G2,3,1.4,1.399999752670697,0.034543,69.27693977355958,29.61623630523681,33.556103444802744,0.09916117036490846,34.104809931683775,0.0,1.0768342946357072,-10.0,4,0.9141792369155708,True,False
200,B,3,1.4,1.399999752670697,0.034543,69.2813934326172,21.090717887878412,23.96760350094995,0.02268629264400346,24.411615567329882,0.0,1.0768342946357072,-10.0,4,0.924705754537253,True,False
200,R,4,2.4,2.4000169456590528,0.059217,69.30351982116699,95.126318359375,104.13101999027428,0.500013405275439,106.15962230154443,0.0,1.0768342946357072,-10.0,4,0.9238125743263227,True,False
200,G1,4,2.4,2.4000169456590528,0.059217,69.29648513793946,51.592486190795896,57.61632841171078,0.10316885456408187,58.58815695313848,0.0,1.0768342946357072,-10.0,4,0.9138407793782705,True,False
200,G2,4,2.4,2.4000169456590528,0.059217,69.27693977355958,51.13779983520507,57.026056701027954,0.03000777061034654,58.064478281915875,0.0,1.0768342946357072,-10.0,4,0.9153573953806327,True,False
200,B,4,2.4,2.4000169456590528,0.059217,69.2813934326172,36.41682872772216,40.65455597596406,0.23463496248074023,41.348510605715475,0.0,1.0768342946357072,-10.0,4,0.9220621241508135,True,False
200,R,5,4.0,3.999987713576753,0.098694,69.30351982116699,159.2827075958252,174.164233210995,0.9009837080880914,177.74575768176004,0.0,1.0768342946357072,-10.0,4,0.9206844865982415,True,False
200,G1,5,4.0,3.999987713576753,0.098694,69.29648513793946,86.43374042510986,95.5207717173461,0.2219302497859843,97.37898024552338,0.0,1.0768342946357072,-10.0,4,0.9159881473940477,True,False
200,G2,5,4.0,3.999987713576753,0.098694,69.27693977355958,85.71399459838867,94.50168040368601,0.2931779264884824,96.54863953427503,0.0,1.0768342946357072,-10.0,4,0.9182778935930939,True,False
200,B,5,4.0,3.999987713576753,0.098694,69.2813934326172,61.036751365661615,67.27066017276506,0.11298859736101008,68.3226829031575,0.0,1.0768342946357072,-10.0,4,0.923245300345545,True,False
200,R,6,6.8,6.799987218918148,0.16778,69.30351982116699,271.9149345397949,295.7186396346452,2.8208306003335224,303.818967029362,0.0,1.0768342946357072,-10.0,4,0.923125323602752,True,False
200,G1,6,6.8,6.799987218918148,0.16778,69.29648513793946,147.68727474212648,162.8603295702485,0.274815236649971,166.69594682281652,0.0,1.0768342946357072,-10.0,4,0.9133369382488363,True,False
200,G2,6,6.8,6.799987218918148,0.16778,69.27693977355958,146.48870334625244,160.52374051617784,0.05600334535762386,164.44899616383046,0.0,1.0768342946357072,-10.0,4,0.9192072772717361,True,False
200,B,6,6.8,6.799987218918148,0.16778,69.2813934326172,104.30039653778076,114.2961651568573,0.24687230356494183,116.32587663042582,0.0,1.0768342946357072,-10.0,4,0.9218979794063255,True,False
200,R,7,11.4,11.400009565800916,0.281279,69.30351982116699,456.92390766143797,493.42818336026465,4.183896948714164,511.69274770642954,0.0,1.0768342946357072,-10.0,4,0.9282003711142572,True,False
200,G1,7,11.4,11.400009565800916,0.281279,69.29648513793946,248.5329263687134,272.8683635981878,0.8361759271647884,281.8720398901754,0.0,1.0768342946357072,-10.0,4,0.9147032931712714,True,False
200,G2,7,11.4,11.400009565800916,0.281279,69.27693977355958,246.62854537963867,269.58043255040553,0.9512339643009682,277.8461370041803,0.0,1.0768342946357072,-10.0,4,0.9188128857200509,True,False
200,B,7,11.4,11.400009565800916,0.281279,69.2813934326172,175.5720411300659,191.05277404462902,0.8303522390103524,195.24395689860955,0.0,1.0768342946357072,-10.0,4,0.9245830779108543,True,False
200,R,8,19.2,19.200013977707417,0.473733,69.30351982116699,770.4675745010376,832.7813736596315,2.5203154823988143,879.8072851672,0.0,1.0768342946357072,-10.0,4,0.9264638962739292,True,False
200,G1,8,19.2,19.200013977707417,0.473733,69.29648513793946,419.9340093612671,460.802247891395,1.5648426744681956,484.07493991579105,0.0,1.0768342946357072,-10.0,4,0.9136097048354102,True,False
200,G2,8,19.2,19.200013977707417,0.473733,69.27693977355958,416.77919445037844,453.32100504305413,0.7665239050131731,474.82451714263107,0.0,1.0768342946357072,-10.0,4,0.9217486589598636,True,False
200,B,8,19.2,19.200013977707417,0.473733,69.2813934326172,296.71601543426516,323.0239378490793,0.24890984958216222,331.5946629645489,0.0,1.0768342946357072,-10.0,4,0.9218666214943233,True,False
200,R,9,32.0,31.999982766990694,0.789554,69.30351982116699,1284.835157775879,1385.9202238019666,9.084037673863122,1511.321636147775,0.0,1.0768342946357072,-10.0,4,0.9278391584819862,True,False
200,G1,9,32.0,31.999982766990694,0.789554,69.29648513793946,700.9822519302368,762.8870027246185,0.28702296291669427,823.8534382833454,0.0,1.0768342946357072,-10.0,4,0.9202533921532592,True,False
200,G2,9,32.0,31.999982766990694,0.789554,69.27693977355958,695.7604585647583,752.3013958043717,1.1769052335750985,807.5775360064778,0.0,1.0768342946357072,-10.0,4,0.9262704280421395,True,False
200,B,9,32.0,31.999982766990694,0.789554,69.2813934326172,495.66429195404055,537.9144711453246,0.5155354556050042,559.2299820134381,0.0,1.0768342946357072,-10.0,4,0.9234462374426032,True,False
200,R,10,54.0,53.99999625003951,1.332373,69.30351982116699,2253.2265762329102,2409.710684070081,22.181740077096947,2784.4976881307807,0.0,1.0768342946357072,-10.0,4,0.9355112146190261,True,False
200,G1,10,54.0,53.99999625003951,1.332373,69.29648513793946,1229.7705820083618,1322.98342444245,26.003537116102734,1497.3308268095063,0.0,1.0768342946357072,-10.0,4,0.9303588975393946,True,False
200,G2,10,54.0,53.99999625003951,1.332373,69.27693977355958,1221.1291347503661,1311.6336003112597,11.578082600825155,1479.794516164448,0.0,1.0768342946357072,-10.0,4,0.9318224615373625,True,False
200,B,10,54.0,53.99999625003951,1.332373,69.2813934326172,870.6449552536011,939.2573072207495,8.162116711732551,1002.8709422646795,0.0,1.0768342946357072,-10.0,4,0.9280962128533163,True,False
200,R,11,90.0,90.0000072597953,2.220622,69.30351982116699,3694.302035713196,3902.927876659277,7.370736906813818,4883.04419506653,0.0,1.0768342946357072,-10.0,4,0.9468276297684183,True,False
200,G1,11,90.0,90.0000072597953,2.220622,69.29648513793946,2019.4500005722045,2161.1751956810804,7.501262275769477,2632.0416648046003,0.0,1.0768342946357072,-10.0,4,0.9349237933855286,True,False
200,G2,11,90.0,90.0000072597953,2.220622,69.27693977355958,2006.0901733398437,2149.386000083572,11.16517291059563,2591.375113952794,0.0,1.0768342946357072,-10.0,4,0.9338355339111458,True,False
200,B,11,90.0,90.0000072597953,2.220622,69.2813934326172,1430.9291120529174,1545.793832464248,3.744047642527221,1710.542080608945,0.0,1.0768342946357072,-10.0,4,0.9263870087367646,True,False
250,R,0,0.3,0.2999765396975127,0.004104,76.6176155090332,11.664480400085452,25.474573721518446,0.057032246625187355,25.811553055784522,0.0,1.7281476804634672,-10.0,4,0.5186961605819405,True,True
250,G1,0,0.3,0.2999765396975127,0.004104,76.60897369384766,6.348639297485349,15.341176744091156,0.041490243375569946,15.548739713934244,0.0,1.7281476804634672,-10.0,4,0.5138650370354091,True,True
250,G2,0,0.3,0.2999765396975127,0.004104,76.57527656555176,6.298397827148435,15.278525456077144,0.06809691780942906,15.454512651547914,0.0,1.7281476804634672,-10.0,4,0.5123968367170884,True,True
250,B,0,0.3,0.2999765396975127,0.004104,76.57613677978516,4.503692436218259,11.647265567495705,0.05376205866779671,11.806070593008474,0.0,1.7281476804634672,-10.0,4,0.5200105570248005,True,True
250,R,1,0.5,0.5000339931946112,0.006841,76.6176155090332,19.476201248168948,40.71154473589098,0.017081153720532427,41.22864431681571,0.0,1.7281476804634672,-10.0,4,0.5162670712853781,True,True
250,G1,1,0.5,0.5000339931946112,0.006841,76.60897369384766,10.595297622680661,23.682498044811183,0.020606425035669673,23.94353885268427,0.0,1.7281476804634672,-10.0,4,0.5119489640285367,True,True
250,G2,1,0.5,0.5000339931946112,0.006841,76.57527656555176,10.4993932723999,23.425046579870987,0.023014592423528768,23.721088598021005,0.0,1.7281476804634672,-10.0,4,0.5137053340579169,True,True
250,B,1,0.5,0.5000339931946112,0.006841,76.57613677978516,7.502741622924802,17.426910316775,0.03859903975545009,17.638531209517172,0.0,1.7281476804634672,-10.0,4,0.5195654799015976,True,True
250,R,2,0.85,0.8500066228417094,0.011629,76.6176155090332,32.94374008178711,66.66256161956048,0.40698625832744995,67.65602224561438,0.0,1.7281476804634672,-10.0,4,0.5173645534834193,True,True
250,G1,2,0.85,0.8500066228417094,0.011629,76.60897369384766,17.918488311767575,37.90717182943848,0.0966326403092026,38.50672955595092,0.0,1.7281476804634672,-10.0,4,0.5131197225710113,True,True
250,G2,2,0.85,0.8500066228417094,0.011629,76.57527656555176,17.759683418273923,37.60614994647507,0.09325021759264729,38.20671021655424,0.0,1.7281476804634672,-10.0,4,0.5129942265673171,True,True
250,B,2,0.85,0.8500066228417094,0.011629,76.57613677978516,12.661827850341794,27.311521235750448,0.02451639294777408,27.717707858541818,0.0,1.7281476804634672,-10.0,4,0.5205267783956183,True,True
250,R,3,1.4,1.3999636122871493,0.019153,76.6176155090332,54.61551017761231,108.46123852057514,0.787424083544451,110.24489212178015,0.0,1.7281476804634672,-10.0,4,0.5178065198055481,True,False
250,G1,3,1.4,1.3999636122871493,0.019153,76.60897369384766,29.670237350463864,60.99791380373232,0.6664939524982856,61.98352758861228,0.0,1.7281476804634672,-10.0,4,0.5114551179446488,True,False
250,G2,3,1.4,1.3999636122871493,0.019153,76.57527656555176,29.424941825866696,60.33532039890969,0.30866850829766435,61.38660927511303,0.0,1.7281476804634672,-10.0,4,0.5130870827110501,True,False
250,B,3,1.4,1.3999636122871493,0.019153,76.57613677978516,20.98875408172607,43.43328998488316,0.18823105737308055,44.16726406688426,0.0,1.7281476804634672,-10.0,4,0.5189225445691446,True,False
250,R,4,2.4,2.400031598676372,0.032835,76.6176155090332,94.21715850830078,186.08093254342356,0.21532657260206634,189.3034122491692,0.0,1.7281476804634672,-10.0,4,0.5145823077232049,True,False
250,G1,4,2.4,2.400031598676372,0.032835,76.60897369384766,51.215573120117185,102.97503540596782,0.3927918502017178,105.01818387410158,0.0,1.7281476804634672,-10.0,4,0.5122144258497889,True,False
250,G2,4,2.4,2.400031598676372,0.032835,76.57527656555176,50.78110198974609,102.0439039789004,0.13086116524165448,103.46510366831552,0.0,1.7281476804634672,-10.0,4,0.5126431451058024,True,False
250,B,4,2.4,2.400031598676372,0.032835,76.57613677978516,36.1491153717041,73.27870866140879,0.11598141217591262,74.4182531687847,0.0,1.7281476804634672,-10.0,4,0.514269122894516,True,False
250,R,5,4.0,3.999979570761863,0.054724,76.6176155090332,158.06008071899413,313.2505656121033,0.44089978321034096,319.3313714121836,0.0,1.7281476804634672,-10.0,4,0.5094372677580778,True,False
250,G1,5,4.0,3.999979570761863,0.054724,76.60897369384766,85.83195190429687,171.2030169295783,0.27212431880991517,174.66014542293362,0.0,1.7281476804634672,-10.0,4,0.5102468569459729,True,False
250,G2,5,4.0,3.999979570761863,0.054724,76.57527656555176,85.13113098144531,169.1273358213922,0.1454789403423149,172.2467805376733,0.0,1.7281476804634672,-10.0,4,0.5124033937467324,True,False
250,B,5,4.0,3.999979570761863,0.054724,76.57613677978516,60.59440402984619,121.2499518783026,0.005534715548748181,123.12480648599043,0.0,1.7281476804634672,-10.0,4,0.5123679395537442,True,False
250,R,6,6.8,6.799979889034918,0.093031,76.6176155090332,270.4111349105835,533.3697464877853,0.6044596744610544,543.3556111477458,0.0,1.7281476804634672,-10.0,4,0.5098410137366605,True,False
250,G1,6,6.8,6.799979889034918,0.093031,76.60897369384766,146.76029472351075,292.3812157052075,0.18604977306432602,297.8238210720192,0.0,1.7281476804634672,-10.0,4,0.5071284440310027,True,False
250,G2,6,6.8,6.799979889034918,0.093031,76.57527656555176,145.5010898590088,288.15660775155675,0.3289866217218673,294.0590166581804,0.0,1.7281476804634672,-10.0,4,0.5102255918467772,True,False
250,B,6,6.8,6.799979889034918,0.093031,76.57613677978516,103.51744632720947,205.19530280847118,0.1592608770847903,207.98530768356065,0.0,1.7281476804634672,-10.0,4,0.5119334174647356,True,False
250,R,7,11.4,11.399985632890562,0.155964,76.6176155090332,454.88828296661376,887.4344341275726,7.747424320016648,908.5951030784847,0.0,1.7281476804634672,-10.0,4,0.5143188903911661,True,False
250,G1,7,11.4,11.399985632890562,0.155964,76.60897369384766,247.2812469482422,496.25238060118227,0.08901657733309776,508.1834675720372,0.0,1.7281476804634672,-10.0,4,0.5013143091151037,True,False
250,G2,7,11.4,11.399985632890562,0.155964,76.57527656555176,245.25371627807618,483.64860617053955,1.6753343253053004,495.2702514632227,0.0,1.7281476804634672,-10.0,4,0.5102414154872233,True,False
250,B,7,11.4,11.399985632890562,0.155964,76.57613677978516,174.45364074707032,342.6337748738556,0.44181816483586545,348.2541794207516,0.0,1.7281476804634672,-10.0,4,0.5136317903282003,True,False
250,R,8,19.2,19.2000335083147,0.262677,76.6176155090332,767.776192855835,1499.675855203057,2.003865631724466,1552.3017006244993,0.0,1.7281476804634672,-10.0,4,0.5129829963157467,True,False
250,G1,8,19.2,19.2000335083147,0.262677,76.60897369384766,418.3429983139038,835.6371927431464,0.5291451491317503,861.6915084219223,0.0,1.7281476804634672,-10.0,4,0.5024231639378967,True,False
250,G2,8,19.2,19.2000335083147,0.262677,76.57527656555176,414.9725072860718,817.7619600267353,2.20986467552234,842.2350123915506,0.0,1.7281476804634672,-10.0,4,0.5093090364100085,True,False
250,B,8,19.2,19.2000335083147,0.262677,76.57613677978516,295.0975425720215,578.3601203764904,1.886024209553284,589.331056113746,0.0,1.7281476804634672,-10.0,4,0.5128798562395271,True,False
250,R,9,32.0,31.999982753492418,0.437794,76.6176155090332,1281.9647609710694,2499.596095352438,1.0889181174766236,2628.761765200509,0.0,1.7281476804634672,-10.0,4,0.5134822683069187,True,False
250,G1,9,32.0,31.999982753492418,0.437794,76.60897369384766,699.2597034454345,1376.4695837649133,0.6647957342242989,1441.0339666784953,0.0,1.7281476804634672,-10.0,4,0.5091141702891746,True,False
250,G2,9,32.0,31.999982753492418,0.437794,76.57527656555176,693.4128787994384,1356.3747359864979,2.099427174314542,1414.1480750037513,0.0,1.7281476804634672,-10.0,4,0.5123532608716952,True,False
250,B,9,32.0,31.999982753492418,0.437794,76.57613677978516,493.53001766204835,961.9043064433828,3.3993958309688423,987.9331082510249,0.0,1.7281476804634672,-10.0,4,0.5146739495986613,True,False
250,R,10,54.0,54.00001658008018,0.738778,76.6176155090332,2165.9774238586424,4223.5326997559105,7.977394625226225,4578.119885776699,0.0,1.7281476804634672,-10.0,4,0.5131983678114497,True,False
250,G1,10,54.0,54.00001658008018,0.738778,76.60897369384766,1181.6432626724243,2287.9645659219814,14.079698656365963,2464.7021160263357,0.0,1.7281476804634672,-10.0,4,0.5171354935096569,True,False
250,G2,10,54.0,54.00001658008018,0.738778,76.57527656555176,1172.2010620117187,2280.2159686668583,4.643557803339263,2434.718874123872,0.0,1.7281476804634672,-10.0,4,0.5147487661040084,True,False
250,B,10,54.0,54.00001658008018,0.738778,76.57613677978516,834.9698942184448,1631.9156742911039,0.6348922363640668,1695.7318075710314,0.0,1.7281476804634672,-10.0,4,0.5125882110338759,True,False
250,R,11,90.0,89.99997890433445,1.231296,76.6176155090332,3733.8837310791014,7186.193192589566,59.791571635429136,8224.543715826305,0.0012884140014648438,1.7281476804634672,-10.0,4,0.5198073629181564,False,False
250,G1,11,90.0,89.99997890433445,1.231296,76.60897369384766,2035.9217250823974,3950.162026815202,31.803470303434096,4429.325105786863,0.0,1.7281476804634672,-10.0,4,0.5157920412623473,True,False
250,G2,11,90.0,89.99997890433445,1.231296,76.57527656555176,2021.340210723877,3914.5367051477374,27.807435735484432,4382.3322033075465,0.0,1.7281476804634672,-10.0,4,0.5167619234882102,True,False
250,B,11,90.0,89.99997890433445,1.231296,76.57613677978516,1440.7200372695922,2810.5539272467786,46.93775369311379,2983.8271650246984,0.0,1.7281476804634672,-10.0,4,0.5131559870715442,True,False
300,R,0,0.3,0.2999666139129755,0.002278,91.67240142822266,10.775436401367188,49.4634237484607,0.38896416780513476,50.153546484358806,0.0,2.8978793148270485,-10.0,4,0.26239492707498474,True,True
300,G1,0,0.3,0.2999666139129755,0.002278,91.44901313781739,5.6414056777954045,31.234889062638224,0.07773741462583317,31.619988081757118,0.0,2.8978793148270485,-10.0,4,0.24702719672288884,True,True
300,G2,0,0.3,0.2999666139129755,0.002278,91.38461494445801,5.552796363830566,31.05663556849212,0.01335556001256677,31.437735419254224,0.0,2.8978793148270485,-10.0,4,0.2450599435938261,True,True
300,B,0,0.3,0.2999666139129755,0.002278,91.3120735168457,3.835205268859866,24.143466631527794,0.06815122172605825,24.52576939427006,0.0,2.8978793148270485,-10.0,4,0.24357063459357248,True,True
300,R,1,0.5,0.49998824979261103,0.003797,91.67240142822266,18.037510871887207,76.47577872197562,0.20240962145861374,77.5472738160795,0.0,2.8978793148270485,-10.0,4,0.26495330668796685,True,True
300,G1,1,0.5,0.49998824979261103,0.003797,91.44901313781739,9.368851280212397,45.85931156868351,0.05634437499742262,46.49890010053667,0.0,2.8978793148270485,-10.0,4,0.250092081443889,True,True
300,G2,1,0.5,0.49998824979261103,0.003797,91.38461494445801,9.246898651123047,45.47467094444641,0.08180347102882024,46.13129773393176,0.0,2.8978793148270485,-10.0,4,0.2493973899075467,True,True
300,B,1,0.5,0.49998824979261103,0.003797,91.3120735168457,6.344500732421878,34.49676982568387,0.01363855168549577,34.85316254532434,0.0,2.8978793148270485,-10.0,4,0.24309302493844406,True,True
300,R,2,0.85,0.8499931926287343,0.006455,91.67240142822266,31.705869674682617,124.80214214718218,0.7189275405040974,126.52031025566556,0.0,2.8978793148270485,-10.0,4,0.27237681244703976,True,True
300,G1,2,0.85,0.8499931926287343,0.006455,91.44901313781739,16.77636108398437,72.19602648999961,0.4429765850604497,73.11214840884398,0.0,2.8978793148270485,-10.0,4,0.2629592843012653,True,True
300,G2,2,0.85,0.8499931926287343,0.006455,91.38461494445801,16.56142234802246,71.53462992557655,0.2790537422735895,72.61613313980496,0.0,2.8978793148270485,-10.0,4,0.2623096110952839,True,True
300,B,2,0.85,0.8499931926287343,0.006455,91.3120735168457,11.571819496154788,52.6648621713594,0.04399147355581334,53.50365162763049,0.0,2.8978793148270485,-10.0,4,0.261408685602897,True,True
300,R,3,1.4,1.4000197713444935,0.010632,91.67240142822266,53.24700450897217,198.16338990600246,0.5111646384647202,201.78572143450452,0.0,2.8978793148270485,-10.0,4,0.28059342974252205,True,True
300,G1,3,1.4,1.4000197713444935,0.010632,91.44901313781739,28.695281600952143,112.80825365017292,0.37060264680272326,114.56962899909303,0.0,2.8978793148270485,-10.0,4,0.2748312487666757,True,True
300,G2,3,1.4,1.4000197713444935,0.010632,91.38461494445801,28.362502098083496,111.71352171678427,0.24308578349852894,113.50803976758945,0.0,2.8978793148270485,-10.0,4,0.2745223613240983,True,True
300,B,3,1.4,1.4000197713444935,0.010632,91.3120735168457,20.13426322937012,81.23150951822508,0.02408151553862581,82.21714917097927,0.0,2.8978793148270485,-10.0,4,0.2764411831947229,True,True
300,R,4,2.4,2.3999962709297153,0.018226,91.67240142822266,91.73772239685059,337.78424786135105,2.060035479807084,342.64532159921777,0.0,2.8978793148270485,-10.0,4,0.2785108385642227,True,False
300,G1,4,2.4,2.3999962709297153,0.018226,91.44901313781739,49.12629661560058,188.97987731308905,0.6473287283056095,191.76842047605632,0.0,2.8978793148270485,-10.0,4,0.27204400000651163,True,False
300,G2,4,2.4,2.3999962709297153,0.018226,91.38461494445801,48.54024696350098,186.8311094130818,0.5654308627462683,189.98917541370466,0.0,2.8978793148270485,-10.0,4,0.2720356482211665,True,False
300,B,4,2.4,2.3999962709297153,0.018226,91.3120735168457,34.24904079437256,133.52359482464078,0.02263735948869794,135.62575097267273,0.0,2.8978793148270485,-10.0,4,0.2737166601723372,True,False
300,R,5,4.0,4.000037678153844,0.030377,91.67240142822266,156.1551275253296,563.9035052097347,1.550600152550487,572.7461863108986,0.0,2.8978793148270485,-10.0,4,0.2811044049087705,True,False
300,G1,5,4.0,4.000037678153844,0.030377,91.44901313781739,84.47242794036865,311.64794523872416,1.3273617812582188,317.1225500497386,0.0,2.8978793148270485,-10.0,4,0.2785568372215733,True,False
300,G2,5,4.0,4.000037678153844,0.030377,91.38461494445801,83.59886169433594,307.3904118352456,1.1805002772171633,312.7119908373225,0.0,2.8978793148270485,-10.0,4,0.2796016747228424,True,False
300,B,5,4.0,4.000037678153844,0.030377,91.3120735168457,59.46519107818604,218.75335300295728,0.2932617679662428,222.601176035204,0.0,2.8978793148270485,-10.0,4,0.28268882489236985,True,False
300,R,6,6.8,6.799945541029874,0.05164,91.67240142822266,267.74988651275635,960.56119977153,1.1191787452625022,976.5269183740855,0.0,2.8978793148270485,-10.0,4,0.2812015875938978,True,False
300,G1,6,6.8,6.799945541029874,0.05164,91.44901313781739,145.01720008850097,530.0392822081208,0.28760273238481204,539.1572245121491,0.0,2.8978793148270485,-10.0,4,0.2780016131615222,True,False
300,G2,6,6.8,6.799945541029874,0.05164,91.38461494445801,143.57144927978516,518.8545030838266,0.13490857811814294,528.6756495345394,0.0,2.8978793148270485,-10.0,4,0.28126072506949307,True,False
300,B,6,6.8,6.799945541029874,0.05164,91.3120735168457,102.11570949554444,368.1799680194132,2.3431580803638212,374.68300530951086,0.0,2.8978793148270485,-10.0,4,0.28382641351815363,True,False
300,R,7,11.4,11.400048126822625,0.086574,91.67240142822266,450.3989028930664,1597.271582006791,7.727370039962807,1624.8392900973104,0.0,2.8978793148270485,-10.0,4,0.28347051913675064,True,False
300,G1,7,11.4,11.400048126822625,0.086574,91.44901313781739,244.0936294555664,891.9462984568885,2.1768656356473457,908.3504682687076,0.0,2.8978793148270485,-10.0,4,0.27626508732117827,True,False
300,G2,7,11.4,11.400048126822625,0.086574,91.38461494445801,241.82447719573975,869.8647915175484,1.3424915835146294,884.6062578095604,0.0,2.8978793148270485,-10.0,4,0.28071238106088553,True,False
300,B,7,11.4,11.400048126822625,0.086574,91.3120735168457,171.65247745513915,615.3671473889733,0.009256408055307475,625.9865127750331,0.0,2.8978793148270485,-10.0,4,0.2828025026181224,True,False
300,R,8,19.2,19.199970167437723,0.145808,91.67240142822266,763.3926219940186,2690.9725137030855,3.2558578774273883,2752.4722318953754,0.0,2.8978793148270485,-10.0,4,0.28457458833270394,True,False
300,G1,8,19.2,19.199970167437723,0.145808,91.44901313781739,415.3651062011719,1503.2401662923753,4.757951017997584,1540.0604380949806,0.0,2.8978793148270485,-10.0,4,0.27786547199736866,True,False
300,G2,8,19.2,19.199970167437723,0.145808,91.38461494445801,411.47354793548584,1465.1584896838303,9.187792254744409,1499.5756758557868,0.0,2.8978793148270485,-10.0,4,0.282457869628982,True,False
300,B,8,19.2,19.199970167437723,0.145808,91.3120735168457,292.6620847702026,1039.7834267514463,0.3691295425028329,1059.4149848211823,0.0,2.8978793148270485,-10.0,4,0.28375619175525624,True,False
300,R,9,32.0,32.00003806560484,0.243014,91.67240142822266,1275.0181226730347,4490.330376915096,5.420119823209461,4639.405552890596,0.0,2.8978793148270485,-10.0,4,0.2844795350289406,True,False
300,G1,9,32.0,32.00003806560484,0.243014,91.44901313781739,694.4750610351563,2510.4087643536423,9.937170848624646,2580.2104886414286,0.0,2.8978793148270485,-10.0,4,0.27756674308316137,True,False
300,G2,9,32.0,32.00003806560484,0.243014,91.38461494445801,688.1255083084106,2428.7134916460973,2.4629642538320695,2500.7998096457745,0.0,2.8978793148270485,-10.0,4,0.28431228353323074,True,False
300,B,9,32.0,32.00003806560484,0.243014,91.3120735168457,489.2541477203369,1732.7710687358783,0.41297349640126413,1768.5943417776673,0.0,2.8978793148270485,-10.0,4,0.2837286621762171,True,False
300,R,10,54.0,54.00004777573155,0.410086,91.67240142822266,2158.486578941345,7594.252603294518,4.8279804124158545,7959.899403753683,0.0,2.8978793148270485,-10.0,4,0.28454097893317004,True,False
300,G1,10,54.0,54.00004777573155,0.410086,91.44901313781739,1177.010301208496,4173.404352590269,10.461415449642118,4345.273787720526,0.0,2.8978793148270485,-10.0,4,0.28259505942319724,True,False
300,G2,10,54.0,54.00004777573155,0.410086,91.38461494445801,1166.2985391616821,4084.6793513818357,17.336841379255475,4257.488764657508,0.0,2.8978793148270485,-10.0,4,0.2861182421142349,True,False
300,B,10,54.0,54.00004777573155,0.410086,91.3120735168457,830.6333038330079,2934.6570163890487,3.707829279318503,3009.6210864047403,0.0,2.8978793148270485,-10.0,4,0.28385498867610826,True,False
300,R,11,90.0,88.97802481132847,0.675715,91.67240142822266,3564.3390703201294,12568.151096692902,46.41432016765975,13486.561369394858,0.00010585784912109375,2.8978793148270485,-10.0,4,0.2837905298795375,False,False
300,G1,11,90.0,88.97802481132847,0.675715,91.44901313781739,1941.3194032669066,6791.354625003172,30.49781039449408,7248.0101203319755,0.0,2.8978793148270485,-10.0,4,0.28620547440091443,True,False
300,G2,11,90.0,88.97802481132847,0.675715,91.38461494445801,1925.3417291641235,6740.644614342433,1.9735373441408228,7174.3960766010105,0.0,2.8978793148270485,-10.0,4,0.2859879851340524,True,False
300,B,11,90.0,88.97802481132847,0.675715,91.3120735168457,1371.3176528930665,4826.9097015101015,8.736823338343129,4996.961211884808,0.0,2.8978793148270485,-10.0,4,0.28459359523242944,True,False
450,R,0,0.3,0.30024301833761774,0.000398,236.5234302520752,7.216868972778315,429.2030786457304,3.7343105935887024,436.14698371940756,0.0,13.706758139133754,-10.0,4,0.029904831435309524,True,True
450,G1,0,0.3,0.30024301833761774,0.000398,236.53283462524413,1.5369953155517635,325.6714271009781,1.7859440586837536,334.75875159963005,0.0,13.706758139133754,-10.0,4,0.011154119066242031,True,True
450,G2,0,0.3,0.30024301833761774,0.000398,236.18780212402345,1.4419242858886605,324.49131619215905,0.47863137317966675,332.0251065718336,0.0,13.706758139133754,-10.0,4,0.010554570890227872,True,True
450,B,0,0.3,0.30024301833761774,0.000398,236.13809051513672,-0.546771430969244,280.63682352406926,0.8315483352912452,288.66335859979483,0.0,13.706758139133754,-10.0,4,-0.005894372266587203,False,True
450,R,1,0.5,0.500153570748343,0.000663,236.5234302520752,17.261625862121576,572.4252168394421,0.6787627587485758,582.3845058207828,0.0,13.706758139133754,-10.0,4,0.04488785839280113,True,True
450,G1,1,0.5,0.500153570748343,0.000663,236.53283462524413,8.192502403259283,404.4337670156699,1.4594436935572617,413.5453461538705,0.0,13.706758139133754,-10.0,4,0.037830427228108796,True,True
450,G2,1,0.5,0.500153570748343,0.000663,236.18780212402345,8.075367164611805,399.33468755635965,1.9897264956433105,410.54720477439264,0.0,13.706758139133754,-10.0,4,0.038188723388467974,True,True
450,B,1,0.5,0.500153570748343,0.000663,236.13809051513672,4.932884788513178,337.2757271677106,0.01190527387950624,345.1716826327148,0.0,13.706758139133754,-10.0,4,0.03301785809567336,True,True
450,R,2,0.85,0.8501856323278772,0.001127,236.5234302520752,30.183087921142572,818.7644644465365,3.1411932491604375,831.457622401394,0.0,13.706758139133754,-10.25,4,0.04784213413670593,True,True
450,G1,2,0.85,0.8501856323278772,0.001127,236.53283462524413,15.33377304077149,543.7052162604409,5.712824849597496,554.6494561738588,0.0,13.706758139133754,-10.25,4,0.043092974581233824,True,True
450,G2,2,0.85,0.8501856323278772,0.001127,236.18780212402345,15.077681732177723,537.3090155135733,0.9306568842457636,544.8958856775798,0.0,13.706758139133754,-10.25,4,0.043148893635958335,True,True
450,B,2,0.85,0.8501856323278772,0.001127,236.13809051513672,9.980654335021967,432.103114180027,0.10885984083080302,441.1168923864227,0.0,13.706758139133754,-10.25,4,0.04086615214359623,True,True
450,R,3,1.4,1.4001282463181368,0.001856,236.5234302520752,48.06420097351074,1215.6562669184923,5.437878370389626,1233.0661230540172,0.0,13.706758139133754,-10.5,4,0.046765019705420637,True,True
450,G1,3,1.4,1.4001282463181368,0.001856,236.53283462524413,23.970012092590338,763.5597957807311,4.933799990548437,774.8560606754461,0.0,13.706758139133754,-10.5,4,0.04163740535399517,True,True
450,G2,3,1.4,1.4001282463181368,0.001856,236.18780212402345,23.65509910583495,754.62272392355,5.628843920300483,765.7189814095495,0.0,13.706758139133754,-10.5,4,0.041738338302638206,True,True
450,B,3,1.4,1.4001282463181368,0.001856,236.13809051513672,15.299665069580072,582.8243462520247,0.09351839825524166,592.4885677871296,0.0,13.706758139133754,-10.5,4,0.03873831843563799,True,True
450,R,4,2.4,2.3996810083717635,0.003181,236.5234302520752,90.83095989227294,1971.9973255256577,2.2871617343803337,2000.7168679213555,0.0,13.706758139133754,-10.5,4,0.050910730573874546,True,True
450,G1,4,2.4,2.3996810083717635,0.003181,236.53283462524413,49.67911567687989,1177.6709205140837,2.533674330792792,1192.379879254143,0.0,13.706758139133754,-10.5,4,0.050191282488963374,True,True
450,G2,4,2.4,2.3996810083717635,0.003181,236.18780212402345,49.15627212524413,1153.820332372717,6.932057300484075,1168.4382562302599,0.0,13.706758139133754,-10.5,4,0.05088930150240524,True,True
450,B,4,2.4,2.3996810083717635,0.003181,236.13809051513672,34.884973144531244,857.6057967077354,0.8191103104742297,872.4577330753378,0.0,13.706758139133754,-10.5,4,0.052088069873572146,True,True
450,R,5,4.0,3.9997198071006257,0.005302,236.5234302520752,151.96108016967773,3209.728563554004,12.398506639789048,3257.572123812676,0.0,13.706758139133754,-10.5,4,0.05028737758822329,True,True
450,G1,5,4.0,3.9997198071006257,0.005302,236.53283462524413,82.94229927062989,1862.1775233306498,1.9711988815390669,1887.457794162161,0.0,13.706758139133754,-10.5,4,0.04953842507441895,True,True
450,G2,5,4.0,3.9997198071006257,0.005302,236.18780212402345,81.87093276977538,1806.4209795321913,2.7154011316904416,1831.0962297205194,0.0,13.706758139133754,-10.5,4,0.050583020109920884,True,True
450,B,5,4.0,3.9997198071006257,0.005302,236.13809051513672,58.20562896728515,1315.2669779453158,10.630399646579235,1337.2837736390509,0.0,13.706758139133754,-10.5,4,0.05162857408631316,True,True
450,R,6,6.8,6.799976299736899,0.009014,236.5234302520752,259.04520473480227,5387.6888452599,18.031075272848284,5465.709478046711,0.0,13.706758139133754,-10.5,4,0.04981817106114629,True,True
450,G1,6,6.8,6.799976299736899,0.009014,236.53283462524413,141.18295707702637,3066.449938736736,0.6919027324206581,3113.7551857619023,0.0,13.706758139133754,-10.5,4,0.049046132481311684,True,True
450,G2,6,6.8,6.799976299736899,0.009014,236.18780212402345,139.40460700988768,2944.00463097771,34.590477908557205,2993.9488743945367,0.0,13.706758139133754,-10.5,4,0.05057984809715741,True,True
450,B,6,6.8,6.799976299736899,0.009014,236.13809051513672,99.00693855285644,2115.7249226919903,5.546406620083417,2150.4001848610433,0.0,13.706758139133754,-10.5,4,0.0513561499877599,True,True
450,R,7,11.4,11.400182143512762,0.015112,236.5234302520752,430.03799495697024,8829.574516471603,27.37722436013246,8989.85852088669,0.0,13.706758139133754,-10.5,4,0.04976312877110886,True,True
450,G1,7,11.4,11.400182143512762,0.015112,236.53283462524413,231.94328346252442,5101.035492729331,6.993970838193491,5183.742030246188,0.0,13.706758139133754,-10.5,4,0.04720857259386403,True,True
450,G2,7,11.4,11.400182143512762,0.015112,236.18780212402345,228.5611488342285,4829.6065681198415,4.460448496040954,4905.154388114722,0.0,13.706758139133754,-10.5,4,0.049240494898965426,True,True
450,B,7,11.4,11.400182143512762,0.015112,236.13809051513672,160.6854730606079,3447.5252990215195,20.334191498518067,3499.424500027524,0.0,13.706758139133754,-10.5,4,0.04929531363808374,True,True
450,R,8,19.2,19.199711205303288,0.025451,236.5234302520752,726.3716226577759,14670.532339031342,77.91911561745474,14929.148070969197,0.0,13.706758139133754,-10.5,4,0.050154582589495886,True,False
450,G1,8,19.2,19.199711205303288,0.025451,236.53283462524413,391.9296297073364,8622.341254511186,68.58229105778264,8778.324006760073,0.0,13.706758139133754,-10.5,4,0.04646762794972023,True,False
450,G2,8,19.2,19.199711205303288,0.025451,236.18780212402345,386.05258960723876,8081.75383066636,14.036478483283645,8224.57897050333,0.0,13.706758139133754,-10.5,4,0.04890531113833856,True,False
450,B,8,19.2,19.199711205303288,0.025451,236.13809051513672,270.8839632034302,5718.8453799689305,10.94660533262595,5817.367862554613,0.0,13.706758139133754,-10.5,4,0.04897584967996544,True,False
450,R,9,32.0,32.000021595134186,0.042419,236.5234302520752,1228.1006895065307,24583.301109463115,140.159884957131,24992.7713264581,0.0,13.706758139133754,-10.5,4,0.05034143265237107,True,False
450,G1,9,32.0,32.000021595134186,0.042419,236.53283462524413,670.0916646957397,14372.919342012154,37.68432220426985,14630.091222199066,0.0,13.706758139133754,-10.5,4,0.047239307743411764,True,False
450,G2,9,32.0,32.000021595134186,0.042419,236.18780212402345,659.6219026565552,13415.74739370807,7.373259272957512,13603.258434475076,0.0,13.706758139133754,-10.5,4,0.049866062653828924,True,False
450,B,9,32.0,32.000021595134186,0.042419,236.13809051513672,466.59658393859866,9560.30729943476,71.30161670279631,9712.425408828418,0.0,13.706758139133754,-10.5,4,0.049783938674459634,True,False
450,R,10,54.0,53.99998929307375,0.071582,236.5234302520752,2086.7753606796264,41609.18787418032,122.07698209805676,42416.616611325204,0.0,13.706758139133754,-10.5,4,0.0503792667807393,True,False
450,G1,10,54.0,53.99998929307375,0.071582,236.53283462524413,1140.4613470077516,24043.126589899228,41.835917653301294,24446.508642406145,0.0,13.706758139133754,-10.5,4,0.047807559403206086,True,False
450,G2,10,54.0,53.99998929307375,0.071582,236.18780212402345,1122.5119497299195,22399.65879138585,142.93781411326927,22796.541833388204,0.0,13.706758139133754,-10.5,4,0.050536776844409555,True,False
450,B,10,54.0,53.99998929307375,0.071582,236.13809051513672,796.2674461364746,16061.071783815958,124.91956011190086,16332.249954067012,0.0,13.706758139133754,-10.5,4,0.050164278056358244,True,False
450,R,11,90.0,75.41682168152845,0.099972,236.5234302520752,2929.6705585479735,58475.451638909115,261.9125507238641,59491.574048262526,0.0001239776611328125,13.706758139133754,-10.5,4,0.05026234986039748,False,False
450,G1,11,90.0,75.41682168152845,0.099972,236.53283462524413,1601.584799194336,33053.239161998055,99.42714716184128,33780.571020160765,0.0,13.706758139133754,-10.5,4,0.048731692183807025,True,False
450,G2,11,90.0,75.41682168152845,0.099972,236.18780212402345,1577.198504638672,31178.11385504272,56.13434359659368,31856.588310374354,0.0,13.706758139133754,-10.5,4,0.05089339656740459,True,False
450,B,11,90.0,75.41682168152845,0.099972,236.13809051513672,1120.8262859344482,22373.40985024136,43.9787094171661,22818.518168118975,0.0,13.706758139133754,-10.5,4,0.050520589408748685,True,False
